	0	10	20	30	40	50	60	70	80	90	100	150	200	250	300	350	400	450	500	550	600	650	700	750	800	850	900	950	1000	1050	1100	1150	1200	1250	1300	1350	1400	1450	1500	1550	1600	1650	1700	1750	1800	1850	1900	1950	2000	2100	2200	2300	2400	2500	2600	2700	2800	2900	3000	3100	3200	3300	3400	3500	3600	3700	3800	3900	4000	4100	4200	4300	4400	4500	4600	4700	4800	4900	5000	5100	5200	5300	5400	5500	5600	5700	5800	5900	6000	6100	6200	6300	6400	6500	6600	6700	6800	6900	7000	7100	7200	7300	7400	7500	7600	7700	7800	7900	8000	8100	8200	8300	8400	8500	8600	8700	8800	8900	9000	9100	9200	9300	9400	9500	9600	9700	9800	9900	10000	10100	10200	10300	10400	10500	10600	10700	10800	10900	11000	11100	11200	11300	11400	11500	11600	11700	11800	11900	12000	12100	12200
allocate	10.67154598236084	10.67204202924456	10.545846428189959	9.993618522371564	8.18379030908857	7.155649525778634	8.222540020942688	7.435136471475873	6.740797025816781	7.866698571613857	8.03369050366538	7.632026944841657	7.920486978122166	7.247198564665658	7.886485440390451	6.054489850997925	6.234118461608887	5.841626593044826	6.262026906013489	4.615424965109144	5.197952287537711	6.6837630953107565	5.756944264684405	5.386397038187299	6.962884851864406	5.748811074665615	5.019913383892605	7.211087874003819	7.873778973306928	6.329773374966213	6.553887588637216	6.823932221957615	5.629997594015939	7.2191207238606045	6.191075725214822	6.3465754474912375	7.050448264394488	7.047412361417498	7.29722135407584	5.727917943681989	7.213126199586051	5.825515074389322	5.860241327966962	6.84083662714277	7.348160624504089	6.68430461202349	6.69940185546875	6.095262834003994	6.812010765075684	6.6978636639458795	7.344864538737705	6.345812593187604	6.300277062824795	5.862154500825064	6.205926605633327	6.5618399892534525	5.557146097932543	5.878570488521031	6.202419587544033	6.1553932172911505	6.126077686037336	5.850665364946638	6.043711866651263	6.865390028272357	5.479812826429095	6.851311377116612	6.114073276519775	6.166729552405221	6.202310698372977	6.21244922706059	6.714058450290135	6.272538236209324	6.434971928596497	5.133888500077384	6.594530820846558	5.854262130601065	7.2091080120631625	5.616110120500837	6.1375938313347955	6.476344772747585	5.807112855570657	7.2062137978417535	7.915690898895264	7.061041167804173	5.33854159287044	6.784773196492877	6.6861429044178555	6.056242057255337	6.688435912132263	5.936688457216535	7.500760946954999	6.968532996518271	7.513595989772251	6.913424542972019	6.679360679217747	6.748006224632263	7.404880097934178	6.751729488372803	5.591000292982374	6.02092000416347	6.867468561444964	5.645744936806815	6.7173365865434915	7.142470598220825	7.037097300801959	7.112963455063956	7.195784279278347	7.0359580516815186	6.1654589005878995	6.228945715086801	6.5165442398616245	6.803369130407061	7.098217129707336	7.097302879605975	7.399035096168518	6.476254599434989	7.096905555043902	6.487599985940116	6.665711419922965	5.035670127187457	6.401539530072894	6.430465459823608	6.429053936685834	5.11956741128649	6.582078218460083	6.413568445614406	5.677565813064575	6.775335533278329	7.116520302636283	6.274532267025539	6.526947515351432	6.700861130441938	7.022276503699167	6.659473861966815	6.6909511770520895	7.020367520196097	7.182754755020142	6.328513451984951	6.88843526159014	6.384229983602252	5.151072212627956	6.745297193527222	6.581735747201102	6.621164798736572	6.333377361297607	7.296503918511527	5.786130385739463	6.401934027671814	6.611165421349662	5.910203644207546	5.64851861340659
allot	10.672037919362387	10.67327880859375	10.545262654622396	9.993244171142578	8.205747233496773	7.35396393140157	8.41461345884535	7.2637682225969105	6.6402148670620385	8.134903457429674	7.9160281552208795	7.994756566153632	7.822480254703098	7.306661791271633	7.8650360107421875	6.114586538738674	6.63280823495653	5.69889497756958	5.781280120213826	4.740544994672139	4.988559325536092	6.581897311740452	5.949822399351332	5.1681165430280895	7.188965188132392	5.686657985051473	5.111797293027242	7.548023382822673	7.906664848327637	7.227824529012044	7.033724731869167	7.468433327145046	6.234261194864909	7.384811878204346	7.002687798606025	6.514990780088636	7.529391606648763	7.5199557940165205	7.603843530019124	5.943288988537258	7.358715693155925	6.736958265304565	5.470085912280613	7.095256196127997	7.524163511064318	6.757484104898241	7.33971373240153	6.475342141257392	6.72249698638916	7.19814297888014	7.66129391723209	7.4611221419440374	6.006070057551066	5.741558472315471	6.448033491770427	6.178496466742621	5.476429025332133	5.883340464697944	6.348648574617174	6.645030233595106	6.005500819947985	5.597934352027045	6.502103779051039	7.3518242571089	5.1932623916202125	6.928516228993733	6.538487884733412	6.353830893834432	6.3290106190575495	6.216930177476671	6.623946825663249	6.589081393347846	6.535171614752875	5.11702315012614	6.650744941499498	5.753899693489075	7.642816967434353	5.303131792280409	6.818224390347798	6.759338723288642	6.237602472305298	7.5017984178331165	8.208286258909437	7.223584916856554	5.46989205148485	6.540273798836602	6.547409481472439	6.6707906987931995	6.643431663513184	6.292171266343859	7.415883594089085	7.210400501887004	7.430786821577284	7.057179186079237	7.136251105202569	6.992475483152601	7.85907702975803	6.966621107525295	5.841993464363946	5.97815007633633	6.872962898678249	5.729566150241428	6.693242284986708	7.561179955800374	7.078196313646105	7.292963902155559	7.312787771224976	6.960590468512641	6.61368301179674	6.06400465965271	6.113858805762397	7.1486656665802	7.158495240741306	6.873570892545912	7.411742978625828	6.460212866465251	7.126111666361491	6.691959646013048	6.767599450217353	5.0650699271096125	7.174994071324666	6.801823907428318	7.216741853290134	5.337131447262234	6.705540524588691	6.572133832507664	5.502728303273519	7.137153307596843	7.126202530331081	6.160079161326091	6.517767217424181	7.01885281668769	7.055832650926378	6.875000026490953	6.851490683025784	7.362936496734619	7.520469241672092	7.1685614850786	6.987119568718804	6.930899726019965	5.564229196972317	6.8891691366831465	6.8754930761125355	6.855403105417888	6.342081758711073	7.503203339046902	6.489140378104316	6.801382780075073	7.10189504093594	6.173180288738674	6.118401447931926
ask	10.67171804110209	10.672701756159464	10.545248905817667	10.008705695470175	8.21648613611857	7.234959562619527	8.24798353513082	7.035786310831706	6.422950545946757	8.059895753860474	7.812726616859436	7.83569089571635	7.917765895525615	6.693895022074382	7.966473420461019	6.2270907163619995	6.655352671941121	5.791359345118205	6.208378116289775	4.859875798225403	4.759679754575093	6.907956083615621	5.940051118532817	5.182977954546611	7.694759766260783	6.4736469984054565	5.398637473583221	7.735917886098226	8.385515491167704	7.119832515716553	6.680193026860555	7.439944585164388	6.67486310005188	7.021673083305359	6.300756732622783	6.8009196519851685	7.764511545499166	7.143736759821574	7.681215524673462	5.925552248954773	7.522328337033589	7.237329284350078	5.7676641543706255	7.200429201126099	7.534679810206096	6.771895090738933	7.240099469820659	6.507017056147258	6.863825400670369	7.3542373975118	8.340288241704306	7.874400854110718	6.128958702087402	6.602470239003499	6.453619996706645	6.497514088948567	5.675763885180156	5.625284790992737	6.65398645401001	7.1227937539418535	6.457216382026672	6.030447284380595	6.448402444521586	7.460648775100708	5.106302420298259	6.454822142918904	6.235922574996948	6.388322631518046	6.47533377011617	6.27036436398824	6.883853395779927	6.583760937054952	6.767637888590495	5.174253265062968	6.951369524002075	6.201339642206828	7.6217801968256635	5.493840614954631	6.431589444478353	6.838528315226237	6.435556928316752	7.478293100992839	8.256649692853292	7.312692046165466	6.138555725415547	6.080704092979431	6.388507048288981	6.644640525182088	6.935851136843364	6.3443257411321	7.424763083457947	7.229715665181478	7.297077536582947	7.329548637072246	7.273543357849121	6.900791525840759	7.743011911710103	6.632465084393819	6.403990149497986	5.301976382732391	6.747084180514018	5.851730664571126	6.652225693066915	7.142234563827515	6.961706201235454	7.051806926727295	7.418157855669658	6.959749778111775	6.694377859433492	6.359064141909282	5.911931832631429	6.920348405838013	7.305445035298665	7.244816382726033	7.404887676239014	6.533772746721904	7.428597609202067	6.736416578292847	6.668887376785278	5.098516285419464	7.270249446233113	6.7104493379592896	7.051886558532715	5.535869042078654	6.508824268976848	6.768430074055989	5.411750117937724	7.503014326095581	7.275045434633891	6.410513798395793	7.0386537710825605	6.977722446123759	7.154285669326782	6.8033045927683515	6.572595834732056	7.38614288965861	7.5661667585372925	6.861042459805806	6.459440509478251	6.619592189788818	5.443954428037007	6.902685801188151	6.836854815483093	6.637170433998108	5.873323778311412	7.366160909334819	5.9037547906239825	6.782000422477722	7.134270628293355	5.960736910502116	6.265952269236247
assign	10.671454238891602	10.672049856185913	10.546152257919312	10.008160829544067	8.238630771636963	7.356491875648499	8.419697737693786	7.443745946884155	6.709202075004578	8.26973316669464	8.05022828578949	7.690372776985169	8.07114818096161	7.292849111557007	7.941592645645142	6.532582926750183	6.5835381031036375	6.252277755737305	6.615300393104553	5.0317004203796385	5.37968373298645	6.891063261032104	6.439998459815979	5.343219494819641	7.654620552062989	6.579595303535461	5.6735512018203735	7.527249145507812	7.974558424949646	7.187603259086609	7.16796977519989	7.776621985435486	6.433539199829101	7.168993735313416	6.953090119361877	6.70880618095398	7.688098311424255	7.56241135597229	7.736096000671386	6.139979982376099	7.514098978042602	7.093816161155701	5.943712043762207	7.056071782112122	7.525827574729919	6.602259993553162	7.409229731559753	6.730711579322815	6.6696384191513065	7.212323904037476	7.8391200542449955	7.752831625938415	6.167504549026489	6.445314049720764	6.684830522537231	6.598952889442444	5.465337753295898	6.1218077659606935	6.490147304534912	6.68860924243927	6.234272527694702	6.124529886245727	6.6323545455932615	7.4050517082214355	5.420878529548645	6.886461496353149	6.255202102661133	6.717274165153503	6.478934288024902	6.330910992622376	6.877960467338562	6.693258571624756	6.53920464515686	5.4404216527938845	6.717062211036682	5.953766655921936	7.451305890083313	5.6126861572265625	6.814417719841003	6.921351718902588	6.690298986434937	7.556204628944397	8.089527010917664	7.370008182525635	5.488775587081909	6.588369226455688	6.684493470191955	6.661922454833984	6.630772399902344	6.587586569786072	7.5563054323196415	7.164826965332031	7.5853170394897464	7.261910557746887	7.0540621995925905	6.733555293083191	7.671702933311463	6.625955700874329	6.070579719543457	6.077966976165771	6.9128622055053714	5.676317763328552	6.70689058303833	7.534588694572449	7.093840265274048	7.194668507575988	7.306045603752136	6.90351300239563	6.643013215065002	5.833002877235413	6.20554563999176	7.202302408218384	6.961550283432007	6.7728746175765995	7.089900970458984	6.484523034095764	7.260201358795166	6.591313171386719	6.741328692436218	5.31381231546402	6.990645241737366	6.8923020362854	6.895614981651306	5.582919597625732	6.7341317415237425	6.545459222793579	5.706989693641662	7.217614984512329	7.0248544931411745	6.224958395957946	6.827952790260315	6.990259671211243	7.239617156982422	6.926399898529053	6.521064734458923	7.193109774589539	7.316385316848755	7.161826324462891	7.0066715478897095	6.688573837280273	5.840475976467133	6.823810458183289	7.029727244377137	6.644180727005005	6.370644068717956	7.453080844879151	6.204590106010437	6.76357262134552	7.019678115844727	6.002747201919556	6.36507089138031
award	10.671295483907064	10.672171956016903	10.546302749997093	10.008546193440756	8.200815745762416	7.2548599016098745	8.203927448817662	7.389397303263347	6.709272929600307	8.067332222348167	7.980643385932559	7.752632345472064	8.002772240411668	7.190224057152157	7.808449608939035	6.237098171597435	6.268203099568685	6.2639177186148505	6.916901157015846	4.854746829895746	5.591279597509475	7.007159528278169	6.169454619998024	5.241045497712635	7.248616877056303	5.833697591509138	5.206359148025513	7.347033591497512	7.440039112454369	6.998445124853225	6.785789966583252	6.984050319308326	5.872516881851923	7.199915545327323	6.608526888347807	5.923482418060303	7.243985879988897	7.299541155497233	7.519723324548631	5.9317814736139205	7.311631316230411	6.243879397710164	6.285918417431059	6.597665082840693	7.057193052201044	6.4354875428336005	6.887321199689593	6.069473698025658	6.471587748754592	6.869016806284587	7.877283936455136	7.17505373273577	6.0246283667428155	5.86350477309454	6.342184475490025	6.779680025009882	5.4335174560546875	6.040950570787702	6.1734431357610795	6.868633156731015	6.102098669324603	5.820370197296143	6.467618533543178	6.996287232353573	5.203465053013393	6.563119911012196	6.222131138756161	5.803621223994663	6.269327163696289	6.319768133617583	7.0012978826250345	6.48087097349621	6.434229510171073	5.414207344963437	6.782725856417701	6.22571275347755	7.137210391816639	5.711893354143415	6.981124037788028	6.860977240971157	5.9851893697466165	7.172806194850376	8.127044473375593	7.309749830336798	5.816061156136649	6.764456045059931	6.194418339502244	6.252757549285889	6.509613695598784	6.2903181711832685	7.250777517046247	7.143823237646194	7.474494048527309	7.041536058698382	7.334963457924979	6.4144172214326405	7.702344440278553	6.796787261962891	5.817561240423293	5.588055616333371	6.67039630526588	5.779443513779413	6.735928853352864	7.363786016191755	7.065684772673107	7.113210973285494	7.1230998039245605	6.856449467795236	6.546357200259254	6.2624974477858775	6.308397815341041	6.863799004327683	7.112727097102574	6.904437996092296	7.271576790582566	6.663234824226016	7.110354060218448	6.519161406017485	6.576256025405157	4.7810349350883845	6.960550944010417	6.761176631564186	6.664915107545399	5.5980585643223355	6.7126052266075495	6.227775619143531	5.508379686446417	6.950496718997047	7.1622242246355325	6.163871742430187	6.875158287229992	6.857305867331369	7.217076823824928	6.912388642628987	6.674512522561209	7.197682993752616	7.075416247049968	6.905149959382557	7.286746933346703	6.674983887445359	5.154957044692266	6.639256886073521	6.638887904939198	6.56871897833688	6.074819860004244	7.3198369571140836	6.644877956027076	6.7238600594656805	6.776458853767032	6.023426305680048	5.968769822801862
bequeath	10.671787142753601	10.672913193702698	10.545007348060608	10.002290487289429	8.219828963279724	7.468672573566437	8.251229226589203	7.307503700256348	6.773275434970856	8.210964977741241	7.927652060985565	7.767789244651794	7.9951730370521545	7.274292409420013	7.956505715847015	6.108746826648712	6.511580646038055	5.84524542093277	6.053053796291351	5.054033160209656	5.212279379367828	6.755897581577301	6.272775888442993	5.204344570636749	7.363903641700745	6.449018836021423	5.043633192777634	7.5699968338012695	8.105710208415985	7.3846595287323	6.846223533153534	7.917109727859497	6.595089435577393	7.310405135154724	6.899900674819946	6.8237274289131165	7.407054424285889	7.294815242290497	7.467103719711304	6.234872043132782	7.224698781967163	6.820264756679535	5.582445323467255	7.276707470417023	7.575439751148224	6.915681540966034	7.340283036231995	6.639546751976013	6.34945946931839	6.9295355677604675	7.880118787288666	7.503797769546509	5.902274012565613	6.5446473360061646	6.46700781583786	6.694761216640472	4.996890276670456	5.734326720237732	6.0678552985191345	6.624092936515808	6.25711864233017	5.717763841152191	6.8112276792526245	7.461094081401825	4.977120339870453	7.07579779624939	6.024181604385376	6.7587568163871765	6.384173810482025	6.208348035812378	6.664971590042114	6.424144685268402	6.430123031139374	5.745517194271088	6.597314834594727	6.095889031887054	7.23766827583313	4.863053262233734	6.866581320762634	7.2047202587127686	6.489843130111694	7.568697214126587	7.9746955037117	7.1831663846969604	5.681979328393936	6.3036041259765625	6.134121656417847	6.921945095062256	6.205120801925659	6.491412043571472	7.196843445301056	7.0332945585250854	7.8188546895980835	7.029358923435211	6.7554813623428345	6.4552401304244995	7.393743216991425	6.493316948413849	6.069937109947205	6.31623375415802	6.637649834156036	5.6407235860824585	6.545099079608917	7.059860587120056	6.756751775741577	6.947815895080566	7.286278307437897	6.850899338722229	6.72547835111618	5.830806910991669	5.917602062225342	7.031165242195129	6.844488024711609	6.678031623363495	7.212958455085754	6.654782652854919	6.973080933094025	6.587893605232239	6.5544262528419495	5.276071310043335	7.03760039806366	6.733717501163483	6.8358283042907715	5.713153541088104	6.631641238927841	6.325602233409882	5.574578166007996	7.018427550792694	6.748023867607117	5.6448041796684265	6.4354567527771	6.891186237335205	6.908646583557129	6.713760554790497	6.544394850730896	7.074377417564392	6.896631836891174	7.136385977268219	6.9579883217811584	6.826723098754883	6.146282851696014	6.4844430685043335	6.632636666297913	6.335108518600464	6.043541967868805	7.1214863657951355	6.056325197219849	6.33912318944931	6.704638183116913	5.971357822418213	6.531532347202301
cede	10.671410954516867	10.672459395035453	10.543988808341648	9.997478298518969	8.211961891340172	7.321189776710842	8.456977927166482	7.446916331415591	6.771732610204945	8.127142512280008	7.987536285234534	7.783488315084706	8.008800351101419	7.265039454335752	7.912474497504856	6.2322347475134805	6.731358455575031	6.167182787604954	6.084492652312569	5.222777682801952	5.4150960756384805	7.060058189475018	6.479383655216383	5.281187938607258	7.6476098972818125	6.387297360793404	5.549561433170153	7.668844451075015	7.473422579143358	7.0076946590257725	7.039417297943778	7.397643327713013	6.607484382131825	7.121232167534206	6.807851573695308	6.809083710546079	7.401316186656123	7.315379111663155	7.477444368859996	5.94868396676105	7.319249702536541	6.699167997940727	6.030705089154451	6.981400199558424	7.439344789670861	6.5782760537188985	7.383604847866556	6.461085091466489	6.783272826153299	7.017022184703661	7.870681731597237	7.332572263220082	6.060517559880796	6.566952238912168	6.633265754450923	6.3520688181338105	5.413644873577615	6.015886057978091	6.465105170788973	6.945111865582674	6.498296115709388	5.966964535091234	6.274846600449604	7.280676800271739	5.5681229466977324	6.833652558534042	6.453470986822377	6.562105831892594	6.381942852683689	6.243030879808509	7.108549677807352	6.625337009844572	6.715480503828629	5.422491089157436	6.778469199719637	6.203140067017597	7.523110679958178	5.815954239472099	6.779671243999315	6.785707401192707	6.502638816833496	7.640365279239157	8.113120058308477	7.19702436613	5.998371170914692	6.538825848828191	6.794815384823343	6.672363841015359	6.963313921638157	6.5441262566525005	7.474342657172161	7.371281509814055	7.875383791716202	7.038724018179852	6.795825274094291	6.848337624384009	7.622391472692075	6.67542634839597	5.91220175701639	5.849782321764075	6.739539680273636	5.784345678661181	6.736875337103139	7.430558836978415	7.099862679191258	7.1074697453042734	7.3691941551540205	6.903538735016532	6.704771114432293	6.013937659885572	6.168949614400449	7.140631157418956	7.125611129014389	7.020370752915092	7.236244719961415	6.595253851102746	7.085670077282449	6.82430999175362	6.627952824468198	5.424029992974323	6.884699458661287	6.674310632373976	6.937310820040495	5.509822207948436	6.896441781002542	6.52753790565159	5.697409743848055	7.2113466573798135	6.89652735254039	6.209074227706246	6.906868924265322	6.882851403692494	7.000335776287576	6.888197701910268	6.591524103413457	7.178389808406001	7.258071484773056	7.051342601361482	7.073008920835412	6.903135755787725	5.81886377023614	6.6788318675497305	6.577943926272185	6.789691624434098	6.144632940706999	7.446874038032863	5.804941124242285	6.5653900815093	6.877809483072032	6.217099251954452	6.188784816990728
deliver	10.671704880396526	10.672246917088826	10.544574896494547	9.992303053538004	8.240389664967855	7.3488349437713625	8.365302157402038	7.391413021087646	6.893858536084493	8.18871291478475	7.882916744550069	7.892223111788431	7.882735466957092	7.059027043978373	7.867027846972148	6.284538682301839	6.764438533782959	6.043268616994222	6.2982482274373375	5.014788873990377	5.531683095296224	7.031351939837138	6.294472948710124	5.548733647664388	7.382195123036703	6.312782096862793	5.619251509507497	7.792139275868734	7.949633550643921	7.135537441571554	7.120276149113973	7.600100294748942	6.4791392167409265	7.218841751416524	6.992292793591817	6.8342567125956215	7.701338887214661	7.558940887451172	7.583262658119201	6.132457979520162	7.403015319506327	6.93888160387675	5.777558334668478	7.0800934394200645	7.502296845118205	6.835564645131429	7.338870135943095	6.68222533861796	6.86390069325765	6.976774525642395	7.911212801933289	7.7463014682133995	6.147552919387818	6.5703671932220455	6.7162817796071375	6.537745388348897	5.419517668088277	5.903720041116078	6.407541986306509	6.691239782174429	6.307545355955759	5.792607482274374	6.719857954978943	7.441858553886414	5.439709452788035	6.73602831363678	6.184666216373444	6.699938428401947	6.392232894897461	6.101057656606039	6.816808533668518	6.652954236666361	6.538728849093119	5.321974229812622	6.778375903765361	5.842363206545512	7.325310444831848	5.592957003911336	6.890757441520691	6.813635301589966	5.483960139751434	7.542335001627604	8.11905910174052	7.351234245300293	5.651915232340495	6.508582258224488	6.073645647366842	6.499128293991089	6.449642189343771	6.450317271550497	7.4791953563690186	7.061133972803751	7.391591572761536	7.223810227711995	6.995622150103251	6.5551603237787885	7.6506019830703735	6.791924365361532	6.158166861534118	6.129653811454773	6.935099999109904	5.597369758288066	6.502922097841899	7.455737996101379	6.936241793632507	6.989082876841227	7.305635333061218	6.859855055809021	6.534126448631286	5.618597197532654	6.008725317319234	6.937817788124084	7.169772720336914	6.764748128255208	7.0751724481582645	6.612840978304545	7.380397955576579	6.692240254084269	6.650572776794434	4.940391131242117	6.94111659526825	6.705354070663452	6.7524178663889565	5.83694820801417	6.846933460235595	6.537031245231629	5.678046635786692	7.195908546447754	7.016116468111674	6.056467692057292	6.489581998189291	6.882605806986491	7.239333955446879	6.848130893707276	6.659057871500651	7.387821284929911	7.213999668757121	6.990437722206115	7.081375606854757	6.60782953898112	5.69695903857549	6.554280153910319	6.880478882789612	6.623195258776347	5.757726947466533	7.417450698216756	6.528521601359049	6.688303915659587	6.9438796202341715	6.021046606699626	6.328775962193807
deny	10.671033507127028	10.671933526259203	10.54439549079308	10.001772660475512	8.217725401658278	7.341317807711087	8.34879513520461	7.3474488331721375	6.712839478712816	8.260200537168062	7.965838557023268	7.912689164968637	7.969265145521898	7.189692805363582	7.823954266768236	6.333503246307373	6.749045181274414	6.067756770207332	6.071964931488037	5.1805788883796104	5.316651105880737	6.89782334107619	6.42361295406635	5.620387546832745	7.706256998502291	6.806611743340126	6.164849020884588	7.757210181309627	7.830008338047908	7.409908683483417	7.171357103494498	7.521977241222675	6.965274774111235	7.308730998406044	6.837220279987042	6.991490972959078	7.534542986062857	7.340724761669453	7.495361045690683	6.0132656610929045	7.316842057154729	6.933433536382822	5.799230509537917	7.32594424027663	7.223479645068829	6.329613641592172	7.542497055347149	6.290039326594426	6.47655547948984	7.1629898584806	8.073403094365046	7.850001643254207	6.011615588114812	6.803224592942458	6.562144888364352	6.395879936218262	4.962780798398532	5.738518168376042	6.897738243983342	7.163541969886193	6.356151720193716	5.762327993833102	6.600538583902212	7.239977374443641	5.258410024642944	6.659205576089712	6.6048570999732386	6.535141710134653	6.403648926661565	6.094542496020978	6.724159321418175	6.234758747540988	6.599228536165677	5.327823037367601	6.892009511360755	5.802607712378869	7.500009837517371	5.5388150912064775	6.806881449772761	7.035268295728243	6.421496886473435	7.557265120286208	8.088350794865535	7.110784207857572	5.761324512041532	6.406126880645752	6.6836583284231335	6.589327306013841	7.000420276935284	6.572671075967642	7.320949818537786	7.210190347524789	7.580936255821815	7.265413056887113	6.449035017306988	6.99015075977032	7.676082647763765	6.758520933297964	6.191538986792931	5.935381397834191	7.099831870885995	5.770806202521691	6.6139038562774655	7.515650961949275	7.0997122141031115	6.962065549997183	7.127174076667199	6.995323151808519	6.179729703756479	6.006208691230187	6.067992595525888	6.837770792154165	7.0162631548368015	6.902688635312594	6.990172283466046	6.687578854194054	7.027073640089768	6.946736709888165	6.364145682408259	5.561017069449791	6.92919334264902	6.724825022770808	6.860690513023964	5.810799283247728	6.853465637793907	6.597036552429199	5.88666414480943	7.209655402256892	6.909513766948994	6.059961561056284	6.7681980353135325	6.930969311640813	6.9590369958143965	6.752066289461576	6.5866821399101845	7.182446094659658	7.473706935002253	6.936547484764686	7.153203311333289	6.833768455798809	6.122605364139264	6.549549220158504	6.7744707254263075	6.700329685211182	6.036940347231352	7.162322205763597	6.572605958351722	6.7447959899902346	6.929740795722375	5.946531017010028	6.231970966779269
dictate	10.671608781814575	10.672377443313598	10.545731210708619	10.013954973220825	8.216500997543335	7.303097820281982	8.3168128490448	7.397751212120056	6.694471383094788	8.191736316680908	8.00104022026062	7.717049026489258	8.03463854789734	6.745548820495605	7.918885016441346	6.224104022979736	6.589462018013	6.132911944389344	6.30595543384552	4.811381828784943	5.321587014198303	6.790626454353332	6.048231410980224	4.947003507614136	7.176032328605652	5.869751048088074	5.109902477264404	7.403520512580871	7.598147821426392	6.752788996696472	6.513300538063049	7.401104664802551	6.286618733406067	7.21943678855896	6.546406292915345	6.392676186561585	7.588406658172607	7.328774619102478	7.707981729507447	6.042338013648987	7.55153865814209	6.782592463493347	5.950174450874329	6.79071455001831	7.561226820945739	7.032050347328186	7.1558430910110475	6.415669322013855	7.15826997756958	7.012426280975342	7.828063941001892	7.354487752914428	6.162564420700074	6.085437989234924	6.711121392250061	6.754641819000244	6.0822166204452515	6.2396657228469845	6.415424036979675	6.923821043968201	6.19669361114502	5.8921675205230715	5.615544140338898	7.05578339099884	5.638248085975647	6.892502927780152	6.428760719299317	6.737575364112854	6.463534331321716	6.384498071670532	6.79633629322052	6.635546088218689	6.934573626518249	4.8265172123908995	6.622163248062134	6.217242550849915	7.363693428039551	5.842379689216614	6.65992751121521	6.766666102409363	6.761896252632141	7.4113270282745365	8.161940121650696	7.274468207359314	5.916806626319885	6.645121431350708	6.31764783859253	6.311288118362427	6.799287176132202	6.483132433891297	7.426261353492737	7.132898116111756	7.334786462783813	7.415296006202698	7.3200095891952515	7.031387042999268	7.644931650161743	6.536606645584106	5.824534714221954	5.705707108974456	6.48778235912323	5.894691252708435	6.859796833992005	7.296880435943604	7.011975216865539	6.88756914138794	7.308326482772827	6.788170742988586	6.436171317100525	6.552185034751892	5.993819689750671	7.336606240272522	7.215294361114502	7.077325749397278	7.365487217903137	6.274643325805664	7.327047848701477	6.527862310409546	6.8955717325210575	5.092527222633362	6.923274636268616	6.801519465446472	6.797356486320496	5.376331305503845	6.831464767456055	6.572652697563171	5.152178454399109	7.275635313987732	7.069559240341187	6.368676543235779	6.878430557250977	6.980193424224853	7.200399231910706	7.003206586837768	6.611414098739624	7.361850738525391	7.1453513383865355	6.589983487129212	6.942953085899353	6.609179568290711	5.091436982154846	6.623148858547211	6.755526208877564	6.615674996376038	5.815925812721252	7.381144690513611	5.709949016571045	6.93012056350708	6.441005063056946	6.057154250144959	6.02984881401062
explain	10.671420696803501	10.672472831181118	10.545660155160087	9.996022646767752	8.21904603413173	7.192838219233922	8.307835272380284	7.231778383255005	6.74703323500497	8.18207791192191	7.978909247262138	7.805842937741961	7.86737698827471	6.935556588854109	7.784402574811663	6.124969148635865	6.54934127671378	5.904227079663958	5.945264618737357	4.908215267317636	5.242532883371625	6.829841443470547	6.255230345044818	5.217214032581874	7.268747241156442	6.455624525887625	5.34797158241272	7.482403659820557	7.784796122142247	6.7621782166617255	6.6703989165169855	7.174237700871059	6.525149481637137	6.87130400793893	6.194874817984445	6.738146080289568	7.354066923686436	7.155687883922032	7.383354820523944	5.754566635404315	7.378409944261823	6.6075080871582035	5.933977910450527	7.012457180023193	7.116861881528582	6.598499195916312	6.879553358895438	6.08503850528172	6.800764519827706	6.634882852009365	7.825259699140276	7.251310920715332	6.014275244304112	6.204129620960781	6.378638904435294	6.414335993358067	5.494859654562814	5.70853134563991	6.399965010370527	6.49321311541966	6.084260456902641	5.832796246664865	6.18811252117157	6.849173865999494	5.427501930509295	6.572115591594151	6.4147212709699355	6.425127628871373	6.309535673686436	6.143816253117152	6.385546333449227	6.18600572177342	6.559901019505092	4.7536750486918855	6.762460252216884	5.657308963366917	7.187399748393467	5.5492239713668825	6.290205877167838	6.66212477343423	6.107402559689113	7.1881150586264475	7.775765906061445	7.011826930727278	5.339556096281324	6.354335948399135	6.261623457499913	6.276266472680228	6.671364433424813	6.238673346383231	7.108772318703788	6.878899737766811	7.475695868900844	7.340075996943883	6.808118224143982	6.554377698898316	7.3102312019893105	6.524737119674683	5.92429176398686	5.905188366344997	6.670638813291277	5.848176727976118	6.616692815508161	7.019666855675833	6.824452086857387	6.83478856086731	7.128215735299246	6.986253615788051	6.190295573643276	6.201287794113159	6.077609872817993	6.697141783578055	7.012949732371739	6.9421198913029265	7.231188079289027	6.442823137555804	7.1189286981310165	6.596986300604684	6.654393127986363	5.4424179860523765	6.757346538134984	6.415339960370745	6.540946521077838	5.476468944549561	6.590294367926461	6.328933266230992	5.566941104616437	7.039556285313197	6.800606918334961	6.239659946305411	6.758687666484287	6.81693696975708	6.990255747522626	6.679062410763332	6.628175009999956	6.986794424057007	7.173705846922738	6.691183614730835	6.424987200328282	6.30683661869594	5.237262603214809	6.645264891215733	6.691356100354876	6.473155842508588	5.953872626168387	7.237873612131391	5.917822653906686	6.44678190435682	6.501438072749546	5.901042767933437	6.015409701211112
feed	10.671812655879002	10.67233081892425	10.544335982378792	9.996986557455624	8.225632031758627	7.303179862452488	8.329144047755822	7.303557152841606	6.801064042484059	8.180881359997917	7.975580365050073	7.6368866621279246	7.9944490918926165	7.153203169504802	7.949853682050518	6.319790213715796	6.859267664890663	6.016456856447108	6.319233052870807	4.912137129727532	5.635733099544749	7.052375597112319	6.03589989157284	5.62737278844796	7.384427304361381	6.0471016939948585	5.536918471841251	7.638745008730421	7.666228939505184	6.485575152378456	6.9064205581066656	7.262280716615565	6.243815936294257	7.1413575434217265	6.602381210701139	6.699962176528632	7.555927650601256	7.273898367788277	7.629789399165733	5.947102537342146	7.515910887250714	6.507714523988612	5.995015200446634	7.034220667446361	7.377747442208085	6.6417054195030065	7.264719168345134	6.404363043168011	6.8498665865729835	6.93923282623291	7.927658109103932	7.623412571701349	6.224355304942412	6.335798422495524	6.51922999643812	6.237874442455816	5.768381679759306	6.047971014883004	6.760066303552366	6.870488568848255	6.3862020174662275	6.199764569600423	6.304028118357939	7.244025052762499	5.521238023159551	6.896641955656164	6.553273285136504	6.561691433775659	6.398705884522083	6.258754290786444	6.759775030846689	6.520630986082788	6.9165124051711135	4.9219119174807675	6.888276661143584	5.998457787083645	7.416587137708477	5.481065291984408	6.651440283831428	7.083856395646637	6.323294284296971	7.433543551201914	8.156807170194739	7.316259589849734	5.727105117311664	6.383333327723484	6.597391063091802	6.471244980307186	7.20024372549618	6.5853524488561295	7.493065123464547	7.281101423151353	7.373613581937902	7.140022100186815	7.248526638629389	6.701226168987798	7.532952523698993	6.68517401639153	5.822628736495972	5.976972322837979	6.829092792436188	5.716766885682648	6.704321917365579	7.388178124147303	7.186142136068905	7.208021547280106	7.303502279169419	7.054873793732886	6.625429714427275	6.275928525363698	6.208763664843989	6.911705737020455	7.090352525898054	6.990085134319231	7.244902517281327	6.785539916917389	7.374320544448554	6.721541170980416	6.76382983899584	5.672435494030223	6.986898104349772	6.774520827274697	6.842646926057105	5.930304704927931	6.856624453675513	6.387820795470593	5.72532431752074	7.194084270327699	7.147423295413747	6.363680400100409	6.564630910462024	7.0372437495811315	7.15860263039084	6.95711472455193	6.6392103737475825	7.249729558533313	7.2657283988653445	6.828637829013899	6.999963722976983	6.890847682952881	5.68436728739271	6.626639478346881	6.867852949628643	6.788926881902358	5.60583896262973	7.538404333825205	6.281760729995429	6.735472781985414	6.8696193134083465	6.082837338541069	5.995888840918448
forward	10.671406615864147	10.67226149819114	10.544011029330166	9.984659324992787	8.222355018962514	7.256167021664706	8.243996295061978	7.2985522313551465	6.830349445343018	8.016594670035623	8.038393259048462	7.810924399982799	7.940818721597845	7.208615259690718	7.822360407222401	6.229778463190252	6.493660818446767	5.8657989935441455	5.985975157130849	4.473833235827359	5.040288708426735	6.348400527780706	5.769698446447199	5.277449326081709	6.966836972670122	5.886023608121005	4.973600550131365	7.098813837224787	7.676271135156805	6.266314268112183	6.500304698944092	6.447087504646995	5.873515735973012	7.113454905423251	5.896707599813288	6.0765908848155625	6.938612504438921	6.771014148538763	7.227220752022483	5.569732080806386	7.289281043139371	5.898073066364635	6.202328443527222	6.7593581242994825	6.600054632533681	6.32698206468062	6.2590413310311055	5.795457016338002	6.600661689584905	6.487169298258695	7.556394273584539	6.756342150948265	6.366409106688066	5.934227141467008	6.251357620412653	6.739296479658647	5.788174759257924	5.8773390379819	6.306342103264549	5.940075202421709	6.201670494946566	6.167801781134172	6.333951364864003	6.439166502519087	5.378702207045122	6.775771596214988	6.054076747460798	6.131650317798961	6.390280095013705	6.54463232647289	6.421052737669512	6.35464824329723	6.906700351021507	5.0466154705394395	6.778364745053378	6.462363980033181	7.110524329272184	5.88981184092435	6.113330895250494	6.648970278826627	6.532264427705244	7.18933502110568	7.891400228847157	7.115280649878762	5.522571498697454	6.818166255950928	6.5542966669256035	5.732081153176048	6.917302673513239	5.75136550990018	7.431454181671143	7.0702455043792725	7.257825786417181	7.224656040018255	6.893311153758656	6.543538678776134	7.273069533434781	6.690439180894331	5.878117929805409	6.1755051612854	6.451894955201582	6.0893378041007304	6.749668923291293	7.152808579531583	6.8626460595564405	7.0479794849048965	7.188015829433095	7.051287651062012	5.859969485889781	6.225695024837147	5.973675814541903	7.188581596721303	7.106813127344305	7.203698440031572	7.374565427953547	6.1082354242151435	7.230907136743719	6.43714003129439	6.76308536529541	5.371263872493397	6.700120600787076	6.6370556571266865	6.429254705255682	5.156859896399758	6.258096174760298	6.307971065694636	5.260430314324119	6.98772896419872	7.160236943851817	6.47417122667486	6.82506682656028	6.7559802098707715	6.883081566203725	6.7076448960737745	6.735401738773692	7.032491770657626	6.917431939731944	6.193072839216753	6.078800114718351	6.106264569542625	5.092328136617487	6.586758895353838	6.081559625538913	6.137904275547374	6.1996237364682285	7.045206330039284	5.949089397083629	6.218255151401866	6.540025407617742	5.934704802253029	5.754547292535955
give	10.671573357503922	10.672015971824772	10.545131886591676	9.996096392146876	8.221926126323762	7.303052050168397	8.388335392123363	7.3924219960072	6.870583667129766	8.10370014534622	7.975197143242007	7.746701607938673	7.913390190874944	7.228882555101738	7.86761474609375	6.265191297062108	6.674684641791171	5.942613758024622	6.260158312125284	4.997081334473656	5.184381531887367	7.036040415529345	6.201197120009875	5.280383106137886	7.318180013875493	6.2593370226563	5.510291709274542	7.695236753244869	7.599298883656987	7.12480833491341	6.97271873130173	7.3433363164057495	6.762024035219286	7.028336220100278	6.605056082616087	6.787455535325848	7.369671845045246	7.226388087038134	7.411991236639804	5.954527667311371	7.325900218525871	6.785714079122075	6.042382287197426	7.024084544572674	7.093243950703105	6.515039201642646	7.1643877811119205	6.442606886879343	6.681979554598449	6.875580834560707	7.697210476046703	7.344738194199859	6.160244394521245	6.523144690716853	6.570859877789607	6.558640937336156	5.494900531456119	5.81341887302086	6.5043283056040275	6.653655829976817	6.337219805013938	5.7519374050077845	6.584678579549321	7.290420563494573	5.530957343148404	6.649097215933878	6.444764887700315	6.722815908369471	6.455115236219813	6.238813783301682	6.590856884346634	6.458426686583972	6.496083212680504	5.122842171153084	6.7403601701142355	5.882127331905678	7.336018304355809	5.534095224786977	6.414642947619079	6.820123445792277	6.355242795631534	7.478294020793477	8.013456688552607	7.142437708182413	5.600685592557563	6.510374436612989	6.518130943423412	6.618630080926613	6.56275918053799	6.337318451678167	7.330233292501481	7.1170117346966855	7.3967197136800795	6.974098580782531	6.915002072443728	6.483974214460029	7.469882073949595	6.52903899208444	6.32551655222158	6.129240759083482	7.083490113743016	5.8722390112329705	6.64930329557325	7.194698646420338	6.9974841446172995	6.949697830637947	7.246946514629927	6.853568256878462	6.4796957813325475	5.972444698458812	6.093647777057085	6.649830423417638	7.043032200610051	6.630844772839155	7.045910823540609	6.556009222249516	7.10300461972346	6.700222281158948	6.586106675570129	5.488461619517842	6.966718572085021	6.6890245343818036	6.727822819694143	5.920933461580121	6.818475817070633	6.356235332176333	5.900759822032491	7.060326591866915	6.898860884494469	6.138273567449851	6.5716350977538065	6.777949395726939	7.0164589334706795	6.810968852434002	6.677461428720443	7.164821859265937	7.330034521759534	7.011364991547631	7.102962744040568	6.623912482965188	6.128683457609083	6.60041949788078	6.739706922750004	6.50865502826503	6.084674585060995	7.331931856812024	6.609572652910576	6.607337349750956	6.818189058147493	5.989857024833804	6.150634249702829
grant	10.671804428100586	10.672724151611328	10.545749629627574	10.012644715742631	8.23239877874201	7.333442003076727	8.436346314170144	7.245645757154985	6.633660143071955	8.102198626778343	7.917541633952748	7.8261614279313525	7.980167345567183	7.034454137628729	7.922656518762762	6.316222416270863	6.60105843110518	6.157223103263162	5.995670847459273	5.057168184627186	5.547256885875355	6.934613080458208	6.214840923656117	5.252178140120073	7.3220056707208805	6.512206233631481	5.614302578839388	7.7522276358170945	7.792731406471946	7.362201603976163	7.154671122811058	7.710255553505638	6.7398720134388315	7.279690629785711	7.029974096471613	6.7718384092504325	7.510955905914306	7.592054861242121	7.65243180881847	6.153335501930931	7.392729091644287	6.900221152739092	5.898960529674183	7.2012865153225984	7.59204046942971	6.421400226246227	7.565201637961648	6.5197008393027565	6.656660079956055	7.421713603626598	8.073848377574574	7.808578309145841	5.982853039828214	6.507637405395508	6.592641804435036	6.600439938631925	5.317872832038185	5.964425477114591	6.319143407995051	7.122004175186158	6.2285641236738725	5.663594323938543	6.510614542527632	7.529245749386874	5.406737613677978	6.970012239976363	6.517864552411166	6.744150161743164	6.374927234649658	6.076348599520597	6.921380740945989	6.422078488089822	6.507596137306907	5.482545883005316	6.809325729716908	5.9679855086586695	7.39950214732777	5.388384558937767	6.89682444225658	7.040673004497181	6.485824836384166	7.60171104777943	8.144576904990457	7.226616920124401	5.856529114463113	6.5918313720009545	6.511667138879949	6.719765108281916	6.672808881239457	6.484864156896418	7.457579508694735	7.278868224404075	7.428621517528187	7.249180108850653	6.6536626642400565	6.544340874932029	7.705724915591153	6.718964212590998	5.959364500912753	5.787621758200905	7.0843222184614705	5.837824986197732	6.785566806793213	7.542739876833829	7.082219470630992	7.124322154305198	7.232535535638982	6.955309963226318	6.654498221657493	5.95304914821278	6.154301079836759	6.922982068495317	7.07151741548018	6.873745120655407	7.192006561972878	6.432056470350786	7.041321849822998	6.858734651045366	6.548125596479936	5.417860677025535	7.110459917241877	6.760812586004084	6.970985143834894	5.766035279360684	6.926916937394576	6.508049245314164	5.911137242750688	7.241760713403875	6.924582776156339	6.173376785625111	6.741815991835161	7.098482998934659	7.181053248318759	6.874243545532226	6.754275347969749	7.263462803580544	7.505191109397194	7.192472223802047	7.313981784473766	6.96541857285933	6.146530879627575	6.678537871620872	6.695510552146218	6.802597158605402	6.241543813185259	7.4130778746171435	6.137304990941828	6.873562301288952	6.907361368699507	6.0914361346851695	6.386071868376298
guarantee	10.671255076373065	10.672109533239293	10.545774247911242	10.006424868548358	8.22736245614511	7.549629847208659	8.510130617353651	7.443460128925465	6.860357531794795	8.14652012012623	7.931912121949373	8.020920294302481	7.8851335666797775	7.006514178382026	7.892412839112459	6.585613250732422	6.829952734488028	6.421635963298656	6.428181789539479	5.625745331799543	5.73890479405721	7.220912085639106	6.95511567151105	5.897234863705105	7.9470518783286765	7.2364859934206365	6.776659947854501	8.058029686963117	8.02299773251569	7.987342110386601	7.433933628929986	7.720637215508355	7.511470582750109	7.376061386532253	6.997466793766728	7.333345978348343	7.6830311704564975	7.428484528153031	7.545985151220251	6.243142498864068	7.32160704224198	7.199053896798028	5.928232104689987	7.499801953633626	7.430559652822989	6.310697608523899	7.636622464215314	6.359184989222774	6.347305068263301	7.2721955511305065	8.127654163925737	8.148881523697465	5.928158848373978	7.0654455290900335	6.7125960809213145	6.174569995314987	4.527019765641954	5.744545106534605	6.671764603367558	7.368909535584627	6.525757577684191	5.840819535432039	7.051568296220568	7.581190780357078	5.151552191487065	6.882849763940881	6.874359819624159	6.8086108101738825	6.424110818792273	6.0227404876991555	6.974501097643817	6.3051710040481	6.645063188340929	5.690923319922553	7.041285338225188	5.158733147161978	7.642835281513356	5.32022942437066	6.714321648633039	7.167391883002387	6.4796690411037865	7.71748885401973	8.013309937936288	6.983512171992549	5.9050088281984685	6.424196737783927	6.795366287231445	6.936470455593533	6.842055020508943	6.851298844372785	7.211248874664307	7.269944120336462	7.786201000213623	7.331457067418982	6.286419003098099	6.963373272507279	7.6303965250651045	6.637953722918475	6.647044994212963	6.36306526042797	7.576398725862856	5.906244436899821	6.542985721870705	7.467372505753128	7.135129275145354	6.884198789243345	7.128596588417336	6.884280522664388	6.230059332317776	5.667192229518184	6.081068639402036	6.622786168698911	6.8557672324003995	6.886195465370461	6.668049406122278	6.819188471193667	6.407556410189028	7.118650136170564	6.298634281864873	5.800023873647054	7.03431585099962	6.628927389780681	6.929519052858706	6.136041288022642	6.952123924537942	6.691451284620497	6.014997093765824	7.097034101132993	6.690019678186487	6.04188707139757	6.663199883920175	7.126819433989348	7.023429817623562	6.607296837700738	6.693486796485053	7.273409931748001	7.547236142335115	7.364763524797228	7.159948684551098	7.097715395468253	6.890275178132234	6.411033859959355	6.80450114497432	6.861026110472502	6.272205988566081	7.353538265934697	6.836896666774043	6.829107690740515	6.892261222556785	6.059812828346535	6.4315435003351284
issue	10.671500287157423	10.672165241647274	10.545114517211914	10.00285661981461	8.210234986974838	7.376637387782969	8.455941819130107	7.364649519007257	6.778894343274705	8.159751364525329	7.977780717484494	7.849409275866569	7.938382432815876	7.179777733823086	7.920700255860674	6.366672008595568	6.486935240157107	6.1001424687974	6.135827581933204	5.05168317733927	5.336997184347599	6.876615270655206	6.207283786002626	5.294073967223472	7.323980757530699	6.188330670620533	5.419994521648325	7.658989571510477	7.83068784754327	6.932313949503797	6.859522454282071	7.171026595095371	6.398067849747678	6.994062677342841	6.695832343811684	6.56683433816788	7.387404867943297	6.917158197849355	7.587655351517048	5.912719848308157	7.427874615851869	6.7594547221001156	6.046270908193385	6.627512221640729	7.091154646366201	6.568548222805592	6.937423269799415	6.312316539439749	6.73845208452103	6.900950441969202	7.688401161356175	7.357958053020721	6.1967034339904785	6.2546260204721005	6.490406584232412	6.71284818649292	5.653738823342831	6.015205910865297	6.25397609142547	6.732329860646674	6.10644062529219	5.840970678532377	6.4724290726032665	6.9246888363615	5.371777798267121	6.536754326617464	6.333814671699037	6.225856243295873	6.219601889874073	6.2754495600436595	6.460482039350144	6.449897279130652	6.504118361371629	5.195487778237525	6.468959006857364	6.207345744396778	7.356652878700419	5.674398858496484	6.362378749441593	6.673574447631836	5.766292820585535	7.351094570565731	8.033183503658213	7.150151009255267	5.748899561293582	6.680252420141342	6.4423735598300365	6.302766064380077	6.690453666321774	6.338743554784896	7.460124756427521	7.086989656407782	7.484048579601532	7.1979903870440545	6.906389662559996	6.680980743245875	7.297112911305529	6.734966450549186	5.883911107448822	5.686199088045892	6.60138792687274	5.86244465442414	6.779339100452179	7.241959003691978	6.873775553196035	7.026164551998707	7.1648211783551154	6.819368646499958	6.4818507153937155	6.180339498722807	5.984698813012305	6.996265665013739	7.126989516806095	6.772441458194814	7.250176094947977	6.350209956473493	7.1496889033216116	6.603280412389877	6.759200430930929	5.10775270867855	6.911812599669111	6.786806106567383	6.742651726337189	5.564778642451509	6.71101797387955	6.3825646765688635	5.563028538480718	7.105199884861074	7.124653379967872	6.311043434954704	6.841874822657159	6.894477742783566	7.097827424394324	6.845779033417397	6.513521853913653	7.150098303531078	7.299516688001916	6.7527526490231775	6.717159981423236	6.489773243031603	5.563436538615125	6.547524492791358	6.76354204340184	6.507879977530622	6.075091554763469	7.274644111065155	5.720238788330809	6.601132433465186	6.681951563409034	6.20161624664956	6.1733279938393455
lease	10.671349401059357	10.672420895617941	10.54645766382632	9.996277892071268	8.204762728317924	7.128619857456373	8.315118592718374	7.313530735347582	6.582050551538882	8.110276180764902	7.94539797824362	7.642674705256587	7.925625334615293	7.1453426920849346	7.986036456149558	6.26489782333374	6.511386052421901	5.768117179041323	6.093028203300808	4.46824033882307	5.238377944282863	6.663962333098702	5.670700778131899	5.4261750863946006	7.11816522349482	5.264264267423878	5.158795854319697	7.637027740478516	7.600244605022928	6.52851472730222	6.82900011021158	7.033162199932596	5.983967553014341	6.952824281609577	6.307368050450864	6.415804116622262	7.160294273625249	6.993497402771659	7.370054286459218	6.039031277532163	7.36123746374379	6.524426724599755	5.850730616113414	6.75416436402694	6.9827064223911455	6.705380108045495	6.976929581683615	6.430604841398156	6.8404885064000664	7.123802485673324	7.716637849807739	7.134819766749507	6.1966031841609786	6.206232102020927	6.597610369972561	6.7246760285418965	5.79098743977754	6.1279106036476465	6.203064928884092	6.563166094862896	6.343533267145571	5.906335830688477	6.429084000380143	6.941813634789509	5.323697981627091	6.616669167643008	6.100461223851079	6.262908552003943	6.41320654620295	6.182965330455614	6.604148419007011	6.598415385121885	6.696967477383821	5.107087270073269	6.787544478540835	6.14405287867007	7.2821365439373515	6.0289712781491485	6.517492118089096	6.733529992725538	5.826471282088238	7.275648562804513	8.172437771506932	7.230203597441964	5.578836814216945	6.645248527112215	6.261316237242325	6.3882805575495185	6.72208223135575	6.36235527370287	7.301402713941491	6.996908954952074	7.43007462957631	6.949057382086049	7.008091698522153	6.796475876932559	7.580633661021357	6.822848713916281	5.982530412466629	5.865884573563285	6.834260702133179	5.755639117697011	6.812763120817102	7.374019871587339	7.230442368465921	7.091482546018518	7.227040435956872	6.913089658903039	6.347488232280897	6.225747678590857	6.157115086265232	6.893996010655942	7.143872893374899	6.909676303034243	7.2117806102918545	6.576018623683764	7.21908860621245	6.831383249034053	6.8066692144974414	5.194740637488987	7.049276092778081	6.800047677496205	6.652052205541859	5.717514369798743	6.798869651296864	6.523942418720411	5.917506129845329	7.0751513190891435	7.092797476312389	6.255454560984736	6.708544554917709	6.889496005099753	7.002928847851961	6.964951722518258	6.561035819675611	7.184086644131204	7.0497743668763535	6.793103166248487	6.943143626917964	6.382623392602672	5.467923226563827	6.5405561198358955	6.600090607352879	6.756801667420761	5.963828180147254	7.305096937262493	6.330231448878413	6.6574291457300605	6.8622922586358115	6.2392901234004805	6.23765170055887
mail	10.671416373479934	10.672351564679827	10.543648992265974	10.002552032470703	8.239190101623535	7.364200251443045	8.355062325795492	7.4993376050676614	6.939352671305339	8.131010714031401	8.003323872884115	8.19545961561657	7.952967984335763	7.253232002258301	7.878571555728004	6.64946376709711	6.645043168749128	6.10896989277431	6.742523897261846	5.449550163178217	5.1828969319661455	6.7470575741359164	5.999892121269589	5.424760818481445	7.129256452832903	6.193276087443034	5.422010387693133	7.443400564647856	7.722267400650751	7.207018420809791	6.951594579787481	7.1190848123459585	6.507821900503976	7.13742767061506	6.569853737240746	6.724147228967576	7.2699870609101795	7.248669624328613	7.392186119442894	5.993145375024705	7.371671858287993	6.6946232205345515	6.226097810836065	6.8356413160051614	7.326052597590855	6.635819162641253	7.244369802020845	6.5875487554641	6.887533074333554	6.972428117479597	7.677732535770962	7.733523414248512	6.307742391313825	6.828529743921189	6.8642056328909735	6.722324053446452	5.747532594771612	5.944999967302595	6.384754680451893	6.464049430120559	6.619770208994548	6.188958599453881	6.697843324570429	7.053167229606991	5.524934655144101	6.512626193818592	6.475554716019404	6.646262464069185	6.291670685722714	6.330300308409191	6.839899471827915	6.497639213289533	6.4853933198111395	4.970070100965954	6.42692266191755	6.064670585450672	6.936284859975179	5.971340292976016	6.238662265595936	6.440991106487456	6.314874217623756	7.056063470386324	7.921186106545584	7.210820084526425	5.519780885605585	6.558300631386893	6.305422692071824	6.285843962714786	6.276481673831031	6.155042761848087	7.066956860678537	7.0286981491815474	7.486439091818673	7.040117082141695	6.939667656308129	6.5740545363653276	7.659423419407436	6.799966448829288	6.188954171680269	6.217629568917411	6.42938400450207	5.397546586536226	6.233997174671718	7.405912035987491	6.861650739397321	6.554010572887602	6.992352621895926	6.653291202726818	6.0039776393345425	5.607370512826102	6.026030358814058	6.654852344876244	6.854662282126291	6.855046453930083	6.796899999891009	6.29353530066354	7.088955016363235	6.684330690474737	6.584012145087833	5.176438331604004	6.4879777772086005	6.6728076707749135	6.525062379382906	5.807752018883114	6.3517286891029	6.411418506077358	5.448465301876976	7.041500250498454	6.726967016855876	6.326468876429966	6.455438023521786	6.651895205179851	6.726515361240932	6.654315676007952	6.386850652240572	7.128098101842971	7.088627315702892	6.707347733633859	6.485688141414097	6.394509360903785	5.632962601525443	6.320404234386626	6.464536825815837	6.332105545770554	5.738417897905622	7.018220526831491	5.831707364036923	6.295561767759777	6.719119117373512	6.0053811981564476	5.912660121917725
offer	10.671767011284828	10.672484695911407	10.545489877462387	10.010052636265755	8.238332346081734	7.3443775326013565	8.399928860366344	7.391937017440796	6.724933430552483	8.180554486811161	7.923658058047295	7.729069650173187	7.90112841129303	6.966451123356819	7.848633848130703	6.349919594824314	6.536211624741554	6.143746741116047	6.413832396268845	4.900037307292223	5.217507716268301	6.88990943133831	6.104638047516346	5.257971610873938	7.18167544901371	6.141434885561466	5.5374007895588875	7.507243074476719	7.727593265473843	7.019860617816448	6.762687310576439	7.203838288784027	6.1818631291389465	7.0027506947517395	6.525520414113998	6.524551801383495	7.3845497369766235	7.295548900961876	7.427652798593044	5.925162181258202	7.252446331083775	6.677583236247301	6.040202558040619	6.911181271076202	7.219672657549381	6.476247273385525	7.008876159787178	6.2842592895030975	6.732774034142494	6.870664730668068	7.773305229842663	7.287951178848743	6.029672130942345	6.246256925165653	6.481222227215767	6.5415660217404366	5.592361640185118	5.925512000918388	6.233550526201725	6.697411492466927	6.280778922140598	5.7040563598275185	6.57577208429575	7.176511228084564	5.201188400387764	6.697756193578243	6.371963232755661	6.465356256812811	6.323597356677055	6.1984119564294815	6.576762683689594	6.490741416811943	6.586650416254997	5.04537645354867	6.661458715796471	6.130388252437115	7.290481828153133	5.675626404583454	6.675491612404585	6.724879428744316	6.0659438371658325	7.373261779546738	8.125800929963589	7.17560600489378	5.785683840513229	6.456452503800392	6.313996121287346	6.301099546253681	6.558449149131775	6.354107569903135	7.378356710076332	7.015494659543037	7.552344210445881	7.092835612595081	7.039024569094181	6.5980640314519405	7.569496862590313	6.635057061910629	6.109421607106924	5.817516144365072	6.948760490864515	5.716952815651894	6.586482115089893	7.230052098631859	6.892206788063049	6.898805774748325	7.205468237400055	6.730172157287598	6.431107763200998	6.200757086277008	5.922977149486542	6.923015736043453	6.927743285894394	6.689004622399807	7.120020411908627	6.301451098173857	7.042976684868336	6.561503827571869	6.478933975100517	5.0252161510288715	6.835471909493208	6.749667517840862	6.704494059085846	5.5442451275885105	6.551585249602795	6.392571337521076	5.546521723270416	7.114279165863991	6.993507444858551	6.066669195890427	6.679939970374107	6.845506764948368	7.046993143856525	6.705066993832588	6.535847187042236	7.156669273972511	7.186645843088627	6.8063729628920555	7.018904872238636	6.430827617645264	5.8224567249417305	6.5838805586099625	6.621688351035118	6.580731771886349	6.00294104591012	7.208669807761908	6.117924455553293	6.689181782305241	6.631413593888283	5.85759137570858	6.159770034253597
pass	10.671608007871187	10.67228812437791	10.545274844536415	9.984483113655678	8.222698009931124	7.260809935056246	8.210424597446735	7.334428182015052	6.795843472847571	8.059325612508333	7.85924638234652	7.613685002693763	7.9490940020634575	7.318666357260484	7.828172656205984	6.0212199963056126	6.666199757502629	6.11944029881404	5.857328323217539	4.939542852915251	5.289090803036323	6.608589089833773	6.161695196078374	5.4587186850034275	7.429945212144118	6.429382076630225	5.188324300142435	7.619214608119084	7.939873658693754	7.041905522346497	7.09355523953071	7.717328282502981	6.438538221212534	7.073295143934397	6.935812730055589	6.80698900956374	7.494295001029968	7.360336762208205	7.55988073348999	6.083152826015766	7.365845285929167	6.870127356969393	5.843199858298669	7.087886966191805	7.484869755231417	6.752896822415865	7.419334650039673	6.518319368362427	6.7570710732386665	6.918752771157485	7.753978591698867	7.601050331042363	6.117640431110676	6.36315196294051	6.743885792218721	6.404936084380517	5.647426871153025	5.975773183199076	6.3257077015363254	6.89154224212353	6.343387787158672	5.938534764143137	6.436936882825998	7.506707778343787	5.298779143736913	6.810071706771851	6.1574205710337715	6.7053768909894504	6.408674194262578	6.085073663638188	6.973866930374732	6.475575676331153	6.510657360920539	5.327212796761439	6.863123334371126	5.967029149715717	7.3808694160901585	5.395992159843445	6.894687634248	6.7305369056188145	6.105995760514186	7.3846936500989475	8.085287094116211	7.293521220867451	5.525584289660821	6.49146815446707	6.4329681763282185	6.6629304106418905	6.492916840773362	6.433682790169349	7.315813486392681	7.007489745433514	7.749699326661917	7.34668781207158	6.666891739918635	6.43774957381762	7.574032086592454	6.6927846028254585	6.018333425888648	5.922635440643017	6.949001642373892	5.717382210951585	6.482886727039631	7.425058777515705	6.869677708699153	6.966373269374554	7.219770605747517	7.022740501623887	6.433275332817664	5.731426326128153	6.045337273524358	6.925491498066829	6.905283808708191	6.582259434920091	7.101366345699017	6.637260070213904	7.325222758146433	6.472297783081348	6.694396660878108	5.310697193329151	6.838147273430457	6.8685921522287225	6.835784774560195	5.6021994444040155	6.868673709722666	6.363975974229666	5.532153432185833	7.037427984751188	6.77841656941634	6.084207938267634	6.497151466516348	6.839606734422537	6.956754079231849	6.8466037420126105	6.544741914822505	7.3509787412790155	7.312560228201059	7.1176930757669306	7.103331116529612	6.533432529522822	5.8489587398675775	6.679551564730131	6.71358216725863	6.714301476111779	5.738502727105067	7.267038326997024	6.234758835572463	6.459362415167002	6.790599538729741	5.941880400364216	6.2489181115077095
pay	10.671401527949742	10.672223404475622	10.545536627088275	10.006634208134242	8.212172303880964	7.261770847865513	8.231640304837908	7.313548251560756	6.813238607134138	8.155317211151123	7.945975201470511	7.848850570406232	7.899495778764997	6.995632614408221	7.852214472634452	6.179656178610665	6.564465754372733	5.838363674708775	6.410689994267055	4.94501566205706	5.315109416416713	6.827872235434396	6.0365622316088	5.540665422167097	7.217913624218532	5.953245776040213	5.6557528700147355	7.474544279915946	7.650617091996329	6.825999256542751	6.654048211233956	7.151594223294939	6.2306330169950215	7.164381217956543	6.497572984014239	6.450707585471017	7.346837452479771	7.283268335887364	7.4557989188602996	5.72916008404323	7.358283111027309	6.406475673403059	6.061123868397304	7.081728628703526	7.293572919709342	6.759015573774065	6.982405247007097	6.220853403636387	6.930362626484462	6.717407941818237	7.804285022190639	7.16443498475211	6.269242116383144	6.326880100795201	6.178657569204058	6.512671433176313	5.616161029679435	5.913552641868591	6.432928344181605	6.511506032943726	6.378599555151803	5.741157909802028	6.087253713607788	6.960812071391515	5.648012062481471	6.531768894195556	6.411128527777535	6.273675772121974	6.331606660570417	6.293904270444598	6.530634614399501	6.3295965603419715	6.755585357121059	4.93455628667559	6.707139669145857	6.2339802197047645	7.320393201283046	5.504943878310067	6.240202025004796	6.831947064399719	6.244909797395978	7.416059943607875	7.983919974735805	7.218410859789167	5.773283549717495	6.646279314586095	6.514204229627337	5.9600419998168945	6.761337055478777	6.085125623430525	7.465194831575666	7.066008254459926	7.394254738943918	7.120111308779035	6.897986783300127	6.445587968826294	7.329208987099784	6.689003222329276	6.230508804321289	5.804403213092259	6.820914111818586	5.824367162159511	6.621198790413993	7.26193152155195	6.918625266211373	7.0385259219578336	7.2164488111223495	6.836377464021955	6.23848876953125	6.056730788094657	6.096137189865113	6.823935801642282	6.970462921687535	6.898102474212647	7.203461469922747	6.414212860379901	7.16575927734375	6.326921306337629	6.572570398875645	5.143799478667123	6.671212223597935	6.62476372718811	6.58056435244424	5.528690838813782	6.5360104356493265	6.403251464026315	5.617438527515956	7.060327972684588	7.0983251912253245	6.216309969765799	6.821201522009713	6.805093540464129	7.045364597865514	6.70489342212677	6.674626806804112	7.067406729289464	7.0536026273454935	6.615626192092895	6.985654074805123	6.233961302893502	5.46269268989563	6.695926489148821	6.838610437938145	6.362203747885568	5.791809296607971	7.201980284282139	6.212530473300389	6.4259818758283345	6.737934160232544	5.832758372170584	5.909799674579076
present	10.671706635019053	10.67212496633115	10.544547412706459	9.994306750919508	8.263250972913658	7.438649986101233	8.520359599072	7.357198435327281	6.648689311483632	8.366263938986737	7.98144473200259	8.03775986381199	8.034950339275857	7.021554521892382	7.90512520333995	6.480111101399297	6.764323960179868	6.283673483392467	6.470237089240032	5.121459976486538	5.320119847422061	7.265054889347242	6.593597935593647	5.513580819834834	7.8167396524678106	7.063958608585855	6.155198366745658	8.002330935519675	8.029504921125328	7.71477372749992	7.4237043650253955	7.993370087250419	7.193946237149446	7.402042710262796	6.996496656666631	7.157933048580004	7.917679403139197	7.871530626131141	7.717324630073879	6.052680523499198	7.521294770033463	7.38009122143621	5.898616137711898	7.338409838469132	7.681722806847614	6.473167118818863	7.694999985072924	6.589440169541732	6.489958742390508	7.2813257963761036	8.314005996869957	8.141478818395864	5.969160753747691	6.900238223697828	6.753497818241948	6.592480680216914	5.3505233681720235	6.1048997485119365	6.701746391213459	7.237601166186125	6.651792432950891	5.987131916958353	7.007660876149717	7.554518357567165	5.520256871762483	6.797106359315955	6.7716316036556075	7.090681304102358	6.437023701875106	6.170385433279949	7.003676860228829	6.625320247981859	6.6260838715926464	5.469164278196252	7.027946264847465	5.808475027913633	7.546382603438004	5.455949296122012	7.010454043098118	7.182358036870542	6.471292868904445	7.759338783181232	8.250155956848808	7.353122058122055	6.0413154415462325	6.400045664414115	6.501544672509898	6.948220760925956	6.852714030638985	6.699734304262244	7.5577278240867285	7.249074438343877	7.67341309008391	7.29596790023472	6.903002407239831	6.727066527242246	7.869347883307415	6.707104828046716	6.5831585552381435	6.3641563705776045	7.406487744787465	5.7147495642952295	6.772064385206803	7.601146926050601	7.0839175141376	6.98318450347237	7.450074123299641	7.014850015225618	6.581308841705322	5.963029426077138	6.027535832446555	6.968941180602364	7.015425257060839	6.819584276365197	7.102595225624416	6.763821943946507	7.229793538217959	7.00903698672419	6.649863958358765	5.522629592729651	7.05628079953401	6.872256786926933	6.985043950702833	5.927471166071684	7.105251716530842	6.71473272987034	5.879882885062176	7.475821536520253	6.987074665401293	6.126248452974402	6.812927577806556	7.169473482214886	7.174247876457546	7.00728472419407	6.6822222004766045	7.409960539444633	7.631885849911233	7.463799279669057	7.399637139361838	6.874118525048961	6.3228201399678765	6.68374428541764	6.977058700893236	7.041848234508349	6.0180124562719595	7.435795535211978	6.334055973135906	6.876794649207073	7.042996261430823	6.048991846001667	6.463135605273039
promise	10.671598711321431	10.672189743288103	10.545886501189202	9.988207294094947	8.206385335614604	7.277954024653281	8.423280992815572	7.247121672476491	6.576711885390743	8.167964120065012	7.901806523722987	7.729756170703519	7.985657338173159	7.263949609571887	7.919840058972759	6.208563250880087	6.5237030675334315	6.035100490816178	6.216938080326203	4.950945392731698	5.229897991303475	6.9312626315701396	6.36877239904096	5.178446846623575	7.089558370651737	5.956618093675183	5.497721664367184	7.49333518551242	7.504240205211024	6.874616730597712	6.747522646381009	7.493382392391082	6.237392656264767	7.167279428051364	6.556490575113604	6.785952444999449	7.3853614407200965	7.344268137408841	7.4224658473845455	5.823534673260104	7.25755819197624	6.7551339211002475	6.052301376096664	6.879685448062036	7.2366513590658865	6.484613941561792	6.965781657926498	6.2079587751819245	6.810102462768555	6.847493317819411	7.619552558468234	7.206971330027426	6.048253982297836	6.542730885167276	6.600294743814776	6.4520813111336	5.381964445114136	5.9832643232037945	6.134261577360092	6.851178030813894	6.298296666914417	5.81812689381261	6.291740832790252	7.277015870617282	5.478396046546198	6.645959546489101	6.446345775358139	6.361810015093896	6.18899497678203	6.091907639657298	6.73118911250945	6.379132655359084	6.592892016133955	5.399105241221767	6.631499951885592	6.058369182771252	7.198676924551687	5.57316114056495	6.468656070770756	6.607689026863344	6.592173207190729	7.525912530960575	7.94456660362982	6.996797753918555	5.771627579965899	6.459720365462765	6.3918014803240375	6.333026393767326	6.356429384600732	6.10480611555038	7.16771129638918	6.97614522134104	7.480610770563925	7.191807854560114	6.689036584669544	6.504194028915897	7.4942481133245655	6.745804978955176	5.9447068629726285	5.638496944981236	6.5106630940591135	5.6451066540133565	6.8072874776778685	7.175948143005371	6.872364567172143	7.043673176919261	7.09360731801679	6.627248994765743	6.365323282057239	5.9933293711754585	5.8824638243644465	6.92482989834201	6.863228813294442	6.606780636695124	7.170282809965072	6.375608044285928	6.913878694657357	6.434446657857587	6.383558903971026	5.1854054543279835	6.822719143282983	6.5651864313310195	6.635496462545087	5.342072917569068	6.798744093987249	6.346608100398894	5.690374928136026	7.03996059971471	6.931992238567721	6.026829027360486	6.670734620863391	6.8624400477255545	6.922335501640074	6.59763962991776	6.549791720605666	7.099580657097601	7.156127698959843	7.033757594323927	7.0832553986580145	6.513368375839725	5.663508146039901	6.6986945367628525	6.608415265237132	6.548080490481469	5.9513743308282665	7.304888156152541	5.961973451798962	6.601408012451664	6.585552984668363	6.060573954736033	6.151636638948994
read	10.671412754058839	10.672312698364259	10.54503116607666	9.991495761871338	8.206481742858887	7.220187511444092	8.37104793548584	7.316198043823242	6.787929916381836	8.01875286102295	7.974099569320678	7.645667543411255	7.873497133255005	6.937517242431641	7.805904235839844	6.273068933486939	6.748962631225586	5.9173697566986085	6.1839929294586184	4.916782846450806	5.0214527273178104	6.837135829925537	6.173896865844727	5.12428111076355	7.33217679977417	6.291969041824341	5.446893057823181	7.5981441116333	7.6589103698730465	6.673310022354126	6.693719987869263	7.178779125213623	6.514777250289917	6.893969640731812	6.526566114425659	6.690883951187134	7.47637378692627	7.227157545089722	7.398276205062866	6.021566686630249	7.407728776931763	6.635528645515442	5.813641843795776	6.820783643722534	7.114342985153198	6.75359375	6.944826526641846	6.489758224487304	6.96412823677063	6.747062349319458	7.716637649536133	7.248474130630493	6.266569633483886	6.196270017623902	6.462273502349854	6.702962188720703	5.736094903945923	5.870666446685791	6.44278730392456	6.487559266090393	6.174804439544678	5.707491407394409	6.330224561691284	6.978478541374207	5.566525573730469	6.7592236423492436	6.341557092666626	6.494029512405396	6.421917943954468	6.272042484283447	6.704362878799438	6.481995286941529	6.763240146636963	4.89575544834137	6.757357950210571	6.292625398635864	7.252421407699585	5.731750087738037	6.299582319259644	6.598191642761231	6.509278612136841	7.220615072250366	7.921238441467285	7.077058687210083	5.600756335258484	6.343096294403076	6.213651475906372	6.367841024398803	6.441534852981567	6.3144951438903805	7.210755252838135	7.043638877868652	7.5351212787628175	7.394671411514282	7.072958927154541	6.6164128923416134	7.546753034591675	6.673874273300171	5.973002848625183	5.881242880821228	6.624992971420288	5.838453168869019	6.623446235656738	7.149338750839234	6.790783863067627	6.881772928237915	7.2397715282440185	6.887418785095215	6.1513329076766965	6.378089323043823	5.9993931102752684	7.111896524429321	7.041262397766113	6.945297269821167	7.3682113361358645	6.363515338897705	7.215676918029785	6.705959157943726	6.692084579467774	5.039182853698731	6.724583826065063	6.567727165222168	6.723310689926148	5.533960037231445	6.58531810760498	6.476207408905029	5.421079883575439	7.166653738021851	6.960853662490845	6.391993942260743	6.596222448348999	6.693509073257446	6.93787917137146	6.7621132755279545	6.438325262069702	7.2400035572052	7.135090446472168	6.8245727157592775	6.7099615001678465	6.314752178192139	5.122515568733215	6.52399829864502	6.611445503234863	6.472489528656006	5.920056467056274	7.32237322807312	5.663865854740143	6.39268798828125	6.7355838394165035	5.9741459083557125	6.098755993843079
refund	10.671246846516928	10.67261791229248	10.545798619588217	10.014498074849447	8.224730173746744	7.3388722737630205	8.20840867360433	6.969238758087158	6.342204729715983	8.137184143066406	7.6654815673828125	7.89818000793457	7.893444697062175	6.958426157633464	8.137177467346191	6.321759064992269	6.656188011169434	5.861237049102783	6.3439609209696455	5.011970678965251	5.045910120010376	7.15548833211263	6.32194169362386	5.277262051900228	7.833865165710449	6.3119767506917315	6.034790515899658	7.882321675618489	8.538589477539062	7.9478302001953125	7.041964848836263	8.04571803410848	6.426317056020101	7.276574770609538	7.138121604919434	7.247152169545491	7.820291201273601	7.542679150899251	7.7890731493632	6.234771251678467	7.467670440673828	7.4570848147074384	5.668495178222656	7.449129581451416	7.88429069519043	7.2110276222229	7.681848367055257	6.774209976196289	7.070642789204915	7.057518641153972	8.667642593383789	8.40991179148356	6.149028142293294	6.889363447825114	6.655497868855794	6.885010719299316	5.425965627034505	5.933682441711426	7.066598892211914	7.333962599436442	6.6215925216674805	5.227074146270752	7.142478942871094	7.8595170974731445	4.744357426961263	6.878438790639241	6.818171342213948	7.120250384012858	6.468985557556152	6.264646530151367	7.141920725504558	6.280511538187663	6.745114167531331	5.7010172208150225	6.847538153330485	5.635824362436931	7.5462416013081866	5.2502121925354	7.022213300069173	7.352918306986491	5.073375145594279	7.688055992126465	8.221222400665283	7.134324868520101	5.719280083974202	6.092023849487305	6.331487814585368	6.859839916229248	6.668790499369304	6.738767147064209	7.376977284749349	7.086040496826172	7.952652295430501	7.546288013458252	7.140947500864665	6.834081967671712	7.715638160705566	6.707625865936279	5.819443543752034	6.120255629221599	7.3144330978393555	5.589694976806641	6.865844249725342	7.62027645111084	6.99668820699056	7.1330006917317705	7.610183080037435	6.95598824818929	6.690120855967204	5.977204958597819	6.128509044647217	6.924952983856201	7.242580413818359	6.954816023508708	7.3902309735616045	6.887160619099935	7.712643623352051	6.856822331746419	6.966195265452067	5.940640767415364	7.2395501136779785	7.110652605692546	7.264378706614177	5.7641987800598145	7.0582356452941895	6.773788770039876	6.539096673329671	7.5353624025980634	6.966002146402995	6.070385773976644	6.891188939412435	7.154218673706055	7.492729187011719	7.170741081237793	6.898707866668701	7.506928126017253	7.8783315022786455	7.097643534342448	7.052575588226318	6.9008552233378095	6.320991675059001	7.0966447194417315	7.232641061147054	6.905404726664226	5.737403233846028	7.47902250289917	6.094910303751628	7.152872880299886	7.501163800557454	5.983666896820068	6.4103899002075195
relay	10.671867389304966	10.672670981463265	10.544417156892663	9.987535401886584	8.242389959447523	7.289879097658045	8.400469256382362	7.363438840005912	6.727273398754644	8.170524615867466	7.991837230383181	7.765418071372836	7.845545600442326	7.171799612980263	7.895910758598178	6.47983216304405	6.617987679500206	6.080478640163646	6.287261906792136	5.077041312759998	5.328941251717362	6.750893648932962	6.224320327534395	5.462925228418088	7.516550858815511	6.7071446904949115	5.810160758448582	7.664364880206538	7.844740568422804	7.298588799495323	7.088670207004921	7.7196880695866605	6.715052791670257	7.215353844212551	6.759929507386451	6.799454950818829	7.607772107217826	7.329121912226958	7.575227391486075	5.990561756433225	7.396352805343329	7.007008229984956	5.711980165219774	7.0859826873330505	7.441619929145364	6.463525669247496	7.370496001898074	6.442547676610012	6.769585095199884	6.907241802589566	7.889746750102324	7.750193128398821	6.084429114472632	6.624547462837369	6.462474084367939	6.364175338371127	5.37305051205205	5.701987860249538	6.710687927171295	6.7689556982003	6.248886949875775	5.9858514935362575	6.570465349683575	7.070795966129677	5.206481662451052	6.4065251069910385	6.313741403467515	6.374084122040692	6.37001578948077	6.06799539865232	6.6206164173051425	6.474100776747162	6.505224031560561	5.004421271529853	6.6777056619232775	5.7647224594565	7.365954997492771	5.380622190587661	6.825647279327991	6.950761570649989	6.048024191575892	7.4761231459823305	8.142639094708013	7.29088451348099	5.762509247835944	6.272424744624717	6.481671828849643	6.303707333172069	6.743016654369878	6.406731960820217	7.403306297227448	7.150618010876226	7.503936103746002	7.175497634738099	7.02046464471256	6.643902787975237	7.549704196406346	6.751176245072308	6.283283602957632	6.141591090782016	6.869956110038009	5.783010950275496	6.701884101418888	7.523328023798325	7.002025286356608	6.973712294709449	7.289916403153363	6.898044689028871	6.609772710239186	6.11365437040142	6.122550253774605	6.848610775143492	7.055794145546708	6.887072095683977	7.111771377862668	6.756012785668466	7.3880339697295545	6.688983604019763	6.797231075810451	5.4440307710684985	6.931533523634369	6.8031338710410925	6.830544770932665	5.6572175820668535	6.987980234856699	6.6755046563989975	5.7291594813851745	7.254443327585856	6.833348634196263	6.07189500098135	6.734610473408418	6.930668980467553	7.2732901947171085	6.836406137429032	6.630525962979186	7.2570261861763745	7.400652651693306	7.044627124187993	6.7984302464653465	6.749515505398021	5.639688650767009	6.673876248153985	6.879068028693106	6.646906361860387	5.951997887854483	7.471931728662229	5.9659466603223015	6.68927349763758	6.954296593572579	5.958903611875048	6.3040360095454195
rent	10.671610004023501	10.672103078741776	10.546374220597116	10.004655511755692	8.246985059035453	7.288591083727385	8.350892970436497	7.2506435042933415	6.73803438638386	8.108194815485101	7.944869869633725	7.816650892558851	7.856415623112729	6.928583170238294	7.911138860802901	6.302953895769622	6.6644562922025985	5.9813917812548185	6.191684007644653	4.817447348644859	5.076183990428322	6.6208739657151074	6.120861316982069	5.352972620411923	7.34248359579789	5.637658985037553	5.176684040772288	7.693156844691226	7.896492945520501	7.31134473650079	6.999370813369751	7.846478048123811	6.267046050021523	7.269860016672235	6.823489389921489	6.743140622189171	7.632403260783145	7.528449347144679	7.614140924654509	6.188305810878151	7.446604703602038	6.854375575718127	6.067172979053698	7.176766935147737	7.615960020768015	6.557984803852282	7.450396751102648	6.450889988949425	6.859330829821135	7.232553381668894	8.056014462521201	7.9328763861405225	6.056589302263762	6.567624732067711	6.648965088944686	6.57137363835385	5.621466944092198	5.9888225229162915	6.055818984383031	6.806684895565636	6.374159976055748	5.795884860189338	6.336570275457282	7.590639967667429	5.34899347706845	6.998135278099461	6.524234897211978	6.939672175206636	6.407364230406912	6.267459492934377	6.695292661064549	6.629463396574321	6.6049042751914575	5.394618806086089	6.768683257855867	5.927796539507415	7.545109071229634	5.768141997487922	6.773067700235467	6.920890111672251	5.967790107978018	7.640392817948994	8.198049846448397	7.309729801981073	5.734250319631476	6.471307139647634	6.282850315696315	6.648903878111589	6.461218884116725	6.440312234978927	7.3870563381596615	7.264882250836021	7.343910392962004	7.158845462297139	7.028374609194304	6.909139018309744	7.672134311575639	6.835613689924541	6.220511285882247	5.800647773240742	7.075799465179443	5.570411431161981	6.545365848039326	7.442803546002037	7.173697220651727	7.0709542600732105	7.357196983538176	6.869181545157182	6.36060885379189	5.549080459695113	5.780426922597383	6.93352810960067	6.988967644540887	6.686249281230726	7.070578838649549	6.640113843114753	7.192794586482801	6.830296340741609	6.530166814201756	5.085488570363898	6.9473420883479875	6.596736795023868	6.7610875681826945	5.710053544295461	6.788653976038883	6.416779706352635	5.363813946121617	7.155638933181763	6.982108116149902	6.110640889719913	6.579337854134409	6.9982787433423495	6.900257399207668	6.755533958736219	6.571575478503578	7.370539652673822	7.308340612210725	7.093448024047048	7.120762185046547	6.595690087268227	5.612139344215393	6.527798903615851	6.695453003833168	6.701610113445081	5.718495306215789	7.418340043017738	6.614500773580451	6.761218271757427	6.918753950219405	6.033133556968288	6.4105589013350635
sell	10.671725319653023	10.67232408756163	10.546115642640649	9.99905888627215	8.230875480465773	7.312591448062804	8.341330074682467	7.191983374153695	6.595010571363495	8.227863079164086	7.921994825688804	8.1356457035716	7.929257427773824	6.865890026092529	7.89409037334163	6.344459126635296	6.741866576962355	6.139755574668326	6.49871656371326	5.222050916857835	5.297892262295979	7.003439507833341	6.292182084990711	5.380960673820682	7.788658979462414	6.523122659543666	6.040728295721659	8.008137714572069	7.978739912916974	7.6555346512212985	7.199205724204459	7.882149126471543	6.854414149028499	7.283777492802318	6.970441620524337	7.044527088723531	7.745168674282912	7.496274040966499	7.648035747248952	6.058890447383973	7.433984012138553	7.165066858617271	6.109599892686053	7.3763090226708385	7.530986867299894	6.2369816477705795	7.481905088192079	6.55628589304482	6.836323796249017	7.1826631848405045	8.230325943086205	7.8849449274016585	6.115644233982738	6.780164637216708	6.6630773660613265	6.78573521172128	5.546630545360286	6.050571802185803	6.632619253019008	7.240090974947301	6.593450848649188	6.000640113179276	6.873293946428997	7.577018958766286	5.395402303556117	6.543356430239793	6.489568419572784	6.850734780474407	6.382023136790206	6.172597873501662	6.681855062159096	6.691453887195122	6.642864343596668	5.227646891663714	6.867558269965939	5.613299334921488	7.553316872294356	5.509883380517727	6.411920384662907	7.005424383209973	6.000187146954421	7.611517475872505	8.275314598548704	7.280934159348651	5.975648682291915	6.352073308898182	6.462155609596066	6.72876630178312	6.445192255624911	6.694306396856541	7.4960560333438035	7.241756369427937	7.377319673212563	7.190239871420512	7.128657817840576	6.928596426800984	7.760570281889381	6.8174029443322155	6.4144564489038975	6.136873756966939	7.196297715349895	5.657451199322212	6.771929566453143	7.5132318589745495	6.96282064623949	6.888905246083329	7.359666940642566	6.8171206916250835	6.511983848199612	5.904027636458234	5.82970127245275	6.75200237878939	7.033577988787395	6.7930095253921134	6.898059368133545	6.709529481283048	7.314610271919064	6.985225857757941	6.601366275694312	5.487460636511082	7.046314158090731	6.858024050549763	6.820415357264077	5.928730871619248	6.730411227156476	6.615762024390988	5.787362796504323	7.254776111463221	6.981483552514053	6.035820809806266	6.767340683355564	6.966199467821819	7.28385931108056	6.839434018949183	6.615073297081924	7.508470163112733	7.45353797005444	7.3588145186261436	7.316499128574279	6.783061504364014	6.248065785663884	6.651914294173078	6.962299265512606	6.746702787352771	6.027096300590329	7.329971075057983	6.715486235734893	6.709042339790158	7.066644116145809	6.060456694626227	6.40782059692755
show	10.671568641662597	10.67239812850952	10.544629726409912	10.002149124145507	8.231630210876466	7.353840951919556	8.406906156539916	7.370023145675659	6.729437589645386	8.19713747024536	7.970656871795654	7.799672660827636	7.914428997039795	7.026072254180908	7.838568668365479	6.285333490371704	6.661395339965821	6.09902325630188	6.412125797271728	5.367336764335632	5.23024751663208	7.047255868911743	6.422464056015015	5.457386908531189	7.620598564147949	6.502427701950073	5.71648790359497	7.6436700963974	7.542741937637329	7.021263132095337	6.921477031707764	7.711239137649536	6.700010848045349	7.14463327407837	6.7689695644378665	6.888903126716614	7.688736004829407	7.581786370277404	7.515084233283996	5.84797208070755	7.328513031005859	7.077776756286621	6.024003248214722	7.107928817272186	7.605925829410553	6.789053387641907	7.323573639392853	6.605324831008911	6.75067361831665	6.977207555770874	7.970884199142456	7.75557391166687	6.001123242378235	6.468573589324951	6.618627586364746	6.566827840805054	5.57687400341034	5.942605609893799	6.797560195922852	6.771464262008667	6.365814032554627	5.915893898010254	6.689958734512329	7.2376547527313235	5.444384670257568	6.623882265090942	6.407706599235535	6.9041028881073	6.377995948791504	6.315183992385864	6.83821174621582	6.4477164173126225	6.447529845237732	4.790433397293091	6.717665257453919	5.737509732246399	7.351631841659546	5.389076037406921	6.72518144607544	6.717618980407715	6.253799552917481	7.487800903320313	8.133401203155518	7.254507217407227	5.893088216781616	6.285228531360627	6.513189167976379	6.494633784294129	6.6455079412460325	6.4450571250915525	7.258051156997681	7.13510458946228	7.629576616287231	7.062047634124756	6.950864748954773	6.568294353485108	7.631548438072205	6.678162093162537	6.344225277900696	5.99345290184021	6.998663148880005	5.861776361465454	6.60776957988739	7.406889481544495	6.897757730484009	6.961081037521362	7.3536297225952145	6.913553380966187	6.552959289550781	5.715411310195923	5.9452776432037355	6.991602969169617	7.030803918838501	6.7755479955673215	7.100023708343506	6.687813196182251	7.259742803573609	6.691048679351806	6.764130058288575	5.196506466865539	6.906724128723145	6.809429597854614	6.84032696723938	5.808853478431701	6.722234535217285	6.555048341751099	5.688760499954224	7.218533725738525	6.904636468887329	6.19736307144165	6.771752271652222	6.9562343502044675	7.240690155029297	6.841980257034302	6.480829405784607	7.299264068603516	7.383864583969117	7.120641059875489	7.107428731918335	6.582959423065185	5.787903461456299	6.71527214050293	6.921355085372925	6.725675735473633	6.069212198257446	7.366771039962768	6.288152618408203	6.7324911403656005	6.977319393157959	6.0150179147720335	6.285808591842652
teach	10.671921185084752	10.672523861839657	10.545049712771462	9.998434884207589	8.237486370026119	7.379697398533897	8.442911314585853	7.3781918873862615	6.7484294270712235	8.148301260811943	7.967226058717758	7.789789343637134	7.942754631950741	7.015923780108255	7.864115033830915	6.399925341681828	6.730510000198606	6.105820602840847	6.251120923057435	5.11730684931316	5.348734057138836	6.97423143235464	6.249322384122818	5.506680004180423	7.481411865779331	6.633755653623551	5.967896226852659	7.589510387844509	7.771113736288888	7.244958741324289	6.97607061598036	7.46147290487138	6.630868586282881	7.341157512059287	6.87532507427155	6.833007562728155	7.694756454891628	7.517782445937868	7.562835761478969	6.196030488089909	7.375268815055726	6.877411910465786	5.847660745893206	7.077866281781878	7.441814309074765	6.502899010976155	7.378112285856217	6.473426455543155	6.834284638601636	7.0499026586139015	7.9209884386214	7.644761895376538	6.173257502298506	6.683386674002995	6.647049162122938	6.5418985684712725	5.548570935688321	5.8895885944366455	6.8458466075715565	6.747991834368024	6.412296431405204	5.973556458003937	6.526907338036431	7.321456666976687	5.786521480196998	6.891587280091786	6.54498116932218	6.728533638848199	6.399594586993021	6.164066397954548	6.971884500412714	6.321589795369951	6.685308615366618	5.108282554717291	6.731088486928789	6.002057904288883	7.360587786114405	5.613695719885448	6.968171414874849	6.933667478107271	6.777361408112541	7.580895658523318	8.007439219762409	7.177490143548875	5.539834718855601	6.5456767082214355	6.650910332089379	6.498645426735045	6.698874481140622	6.488168996477884	7.383004688081288	7.171295794229659	7.723595861404661	7.153725767892505	6.785109557802715	6.782602158803789	7.588785496969072	6.664119970230829	6.33767010673644	6.253175879281665	7.216809972884163	5.823182416340662	6.6596351653810535	7.257090402027917	6.946404820396786	7.013586188119556	7.211133533053928	6.911653431635054	5.995560854200333	5.9974511048150445	6.116538562471905	6.975552861652677	6.927140152643597	6.733294305347261	6.926753044128418	6.576396090643747	7.005018098013742	6.66398743220738	6.527204982818119	5.222723147225758	6.787467116401309	6.698560306004116	6.669193282959953	5.623367029523092	6.750250982859778	6.389962007129003	5.276816088055807	7.1722076582530185	6.830045018877302	6.199184160383921	6.5467201263185535	6.820454998621865	6.874538792504205	6.812953116401793	6.46218704798865	7.147567786867657	7.256354233575245	6.956661284915985	7.084139271387978	6.760220784989614	5.842586676279704	6.358378289237855	6.6861138343811035	6.672429769758194	5.960294068805755	7.340432931506444	6.408838688381135	6.436972239660839	6.735291079869346	5.941082364036923	6.269481250217983
tell	10.671288282974906	10.672211273856785	10.545003476350203	9.99153356966765	8.218388225721275	7.177812597025996	8.067747136820918	7.141624948252803	6.6837666760320245	7.973735270292862	7.994018326634946	7.70476247953332	7.943826364434284	6.996845079504925	7.643924402154011	6.0785645194675615	6.528055066647737	5.8221816809281055	5.822445060895837	4.917301032854163	4.998475945514182	6.521836260090703	5.859116118887196	5.211645053780598	6.734252411386241	6.002183064170506	5.38310840855474	7.290909082993217	6.852322661358377	6.614449749822202	6.278455941573434	6.8292416696963105	5.966149848440419	6.844869302666706	5.755912438682888	6.414013821145763	7.294776937235957	6.880601240241009	7.334274167599886	5.644743255946947	7.132656429124915	5.933080144550489	5.907062219536823	7.00610523638518	6.977207474086596	6.166206753772238	6.711083287778108	5.815190688423488	6.701216365980065	6.5121156236399775	7.804129641989003	6.833500613336978	6.355390610902206	6.593757152557373	6.038489497226218	6.52274115189262	5.365558924882309	5.128124713897705	6.352929156759511	6.118329514627871	6.238525390625	5.778125887331755	5.974739862524944	6.697043688400932	5.357253489287003	6.585412999858027	6.273112214129904	6.419295082921567	6.497920513153076	6.043160397073497	6.454805726590364	6.382424230160921	6.687120582746423	5.005062600840693	6.605712393055791	5.936593636222508	7.250017103941544	5.708293666010317	6.098889019178308	6.644739544909934	6.169296202452286	7.421667285587477	7.9419229134269385	7.124803999195928	5.267758353896763	6.362961064214292	6.2387426417806875	6.11857561443163	6.635794701783554	6.105979826139367	7.326708213142727	7.06127695415331	7.392481327056885	7.257200469141421	6.591381363246752	6.1465884084286895	7.25579425562983	6.581305607505467	5.943881034851074	6.129760306814442	6.474894648012907	5.963611063749894	6.53241547294285	7.068395324375318	6.884805865909742	6.865624863168468	7.304921274599821	7.166388345801312	6.073090967924698	6.332872411479121	6.15858909358149	6.881100924118705	6.866897914720618	7.027989449708358	7.222953692726467	6.555369211279827	7.260204709094504	6.511915352033532	6.785096790479577	5.1927162667979365	6.574658248735511	6.58080588216367	6.494382194850756	5.552111356154732	6.525394543357518	6.1819039013074795	5.7137995388196865	7.036774054817531	6.883706362351127	6.286958010300346	6.750678829524828	6.711366694906483	6.87101121570753	6.579324929610543	6.686384843743366	7.137573470240054	7.1824346210645595	6.669300286666207	6.747783951137377	6.570824747500212	5.475680434185525	6.648605471071989	6.595605622167173	6.5480961592301075	6.029724494270656	7.265003971431566	6.020035909569782	6.226102569828862	6.561026386592699	5.7902345450028125	5.965144924495531
trade	10.671421838843305	10.67249065896739	10.54431268443232	10.003431278726328	8.247154401696246	7.293360834536345	8.467855494955312	7.426924560381019	6.827421022498089	8.287615008976148	8.037474051765773	8.129024484883184	7.888304855512536	7.015756296074909	7.922964033873185	6.239992141723633	6.357181321019712	5.8688380821891455	6.483537715414296	4.975313476894213	4.994995428168255	6.720530862393587	6.0869035720825195	5.1022077228712	7.343411321225374	5.951152179552161	5.230410067931466	7.627330199531887	7.812925380209218	7.3230502916418985	6.94762953467991	7.593716538470725	6.647544591323189	7.144364958224089	6.366748975670856	6.617003503053085	7.66618303630663	7.331234786821448	7.61751823839934	6.053639038749363	7.3873382029326065	7.2079990843068	6.256465020387069	6.898885975713315	7.220396352850872	6.7262651194696845	7.303971767425537	6.657496929168701	6.749826742255169	7.248328333315642	7.899627001389213	7.436480833136517	5.99410573295925	6.4795455103335176	6.891033421392026	6.788721602895985	5.7976182025411855	6.115903792173966	6.110200881958008	6.963763423587965	6.496588883192643	5.985264021417369	6.5141921458037	7.541588990584664	4.979913193246593	6.774739825207254	6.216510461724323	6.389852834784466	6.101727506388789	6.120670899100926	6.6782800632974375	6.443744866744332	6.687814753988515	5.314101094784944	6.551438455996306	6.261187926582668	7.388405903525975	5.540531718212625	6.575403545213782	6.590146500131358	6.234389678291652	7.3894465902577275	8.165896809619406	7.189425717229429	5.522938966751099	6.498961137688679	6.41533026487931	6.38296015366264	6.670569813769797	6.374110284058944	7.451356452444325	7.175317639889925	7.655150102532429	7.031937993091086	7.168923315794571	6.441116643988567	7.590089113815971	6.744871180990468	5.973549448925516	5.8598480224609375	6.281942823658818	5.60992259564607	6.574147203694219	7.311822932699452	6.829882953477942	6.83474466075068	7.201898139456044	6.465851949608845	6.63627054380334	5.934586131054422	5.562435979428499	6.859255894370701	6.912395726079526	6.792555954145349	6.966008683909541	6.199023682138194	6.832019930300505	6.710976331130318	6.704090159872304	4.4179710408915644	6.95443756684013	6.798148362532906	6.807670779850172	5.626558013584303	6.650233268737793	6.5998834941698155	5.212631515834643	7.197022894154424	6.983051071996274	6.072680162346882	6.7003407892973526	6.784208442853845	6.816741466522217	6.905172078505807	6.489082875459091	7.217437764872676	7.213618340699569	6.960926429085109	7.3287652264470635	6.308294918226159	5.778364222982655	6.449113244595735	6.554927432018777	6.328180800313535	5.334519894226737	7.313737039980681	6.3368957664655605	6.4891372763592265	6.9142076865486475	6.0606409570445186	6.295674552088198
transfer	10.671603949173637	10.672202027362326	10.546273438826852	10.001161699709685	8.21273546633513	7.316028180329696	8.256256787673287	7.509458832118822	6.8183472052864404	8.029271022133205	8.016009061232857	7.821510874706766	8.009251096974248	7.1978940134463105	7.874594957932182	6.469163998313572	6.527758639791737	6.201734086741572	6.260736817898958	4.83045916971953	5.292789086051609	7.0017417410145635	6.055874948916228	5.465383882107942	7.109102062557055	6.218258733334749	5.490454808525417	7.469276262366253	7.919028282165527	6.955207845439082	6.921911364016325	7.456091694209887	6.145337809687075	6.918449007946512	6.49715518951416	6.790327901425569	7.320434549580449	7.252030144567075	7.3870072779448135	5.88020484343819	7.241704920063848	6.577658632527227	6.002344981483791	7.060631212980851	7.409578592880912	6.648534297943115	7.229344471641209	6.254771502121635	6.585838898368504	6.805234722469164	7.751014502152152	7.048791740251624	6.045513111612071	6.385242161543473	6.665314093880031	6.222815098969833	5.639223389003588	5.900651164676832	6.464397927989131	6.940361810767132	6.192518213520879	5.841529638870902	6.2857386132945186	7.406457133915113	5.466497638951177	6.756162871485171	6.442765090776526	6.596718186917513	6.260062279908554	6.090491211932639	6.643030062965725	6.346067926158076	6.634149883104407	5.475865084192027	6.775757105454154	5.837198630623195	7.150571864584218	5.6849676837091865	6.7897334306136425	6.71374713856241	6.097380026527073	7.415551040483558	8.076571298682172	7.165029297704282	5.624291440714961	6.621310876763386	6.6335597867551055	6.351299493209176	6.851613397183626	6.375941794851552	7.282776936240818	7.112487005150837	7.6143804218458095	7.073972017868705	6.980898608332095	6.477098485697871	7.33396926133529	6.749583016271177	6.222427471824314	5.740944592849068	6.672910047614056	5.559245741885642	6.476789039114247	7.20810371896495	6.772969370302946	6.939419020777163	7.2597691494485606	6.735005544579548	6.610871978428053	5.728397887686024	6.268566110859746	6.773217885390572	6.713113390881082	6.69077033581941	7.102242262467094	6.43807664124862	7.243415956911833	6.343648599541706	6.537453361179518	5.13136249003203	6.663836520651112	6.582719077234683	6.549036938211192	5.36310627149499	6.692692839581033	6.386421431665835	5.573300133580747	6.858453232309093	6.95388242472773	6.134435404901919	6.5795900925346045	6.8774714677230175	6.928267706995425	6.89560550192128	6.60792290646097	7.006542827772058	7.038923844047215	6.812501264655071	6.992980583854344	6.276748118193253	5.690403730972953	6.709929051606552	6.703010061512822	6.4888077611508574	5.641428968180781	7.0964337017225185	6.178800106048584	6.530669792838719	6.557006276172141	5.774741732555887	5.993545677350915
yield	10.671943712234498	10.672607564926148	10.545815134048462	10.005316829681396	8.200714683532714	7.091550588607788	8.227746415138245	7.128739309310913	6.556971526145935	8.291169428825379	7.928691077232361	7.688904070854187	7.9704328060150145	7.199689030647278	8.012020015716553	6.138153839111328	6.558732342720032	6.102840828895569	6.118762135505676	4.719252228736877	5.026106202602387	7.050077104568482	6.605804347991944	5.179089808464051	8.126098704338073	6.955659580230713	6.1757417678833	7.8899362802505495	7.968522381782532	7.703563475608826	7.435319924354554	8.04053885936737	7.029987359046936	7.373460793495179	7.0572809934616085	7.074645066261292	7.938856720924377	7.608847641944886	7.786516332626343	6.10192220211029	7.468743062019348	7.4316600322723385	6.139766430854797	7.497696781158448	7.523069310188293	6.3703714370727536	7.681314635276794	6.502023100852966	6.4128721237182615	7.308838844299316	8.249489140510558	8.384570145606995	5.835154628753662	7.031640100479126	6.782045030593872	6.560170340538025	4.842134273052215	5.881259655952453	6.691240000724792	7.172224712371826	6.467182850837707	5.741481113433838	6.953333711624145	7.780445194244384	5.122254908084869	6.836473393440246	6.874935007095337	6.997400999069214	6.428495740890503	6.089704799652099	7.117063522338867	6.4989300727844235	6.703893566131592	5.668301105499268	6.945586228370667	5.6267976522445675	7.549974036216736	5.448522424697876	7.0381389379501345	7.3341516017913815	6.559425282478332	7.888358235359192	8.30567226409912	7.3203791856765745	6.009002661705017	6.3403921842575075	6.9031333208084105	7.089318871498108	7.027663040161133	6.641196227073669	7.453018474578857	7.466816830635071	7.497550415992737	7.311552166938782	6.7052151441574095	6.9434960126876835	7.837733268737793	6.757448649406433	6.426099872589111	6.34640531539917	7.383537316322327	5.843464303016662	6.677514934539795	7.709825491905212	7.245572280883789	7.118441033363342	7.511997270584106	7.1900887966156	6.681329989433289	5.934376573562622	6.179805135726928	6.810370945930481	7.1186397790908815	6.8787885189056395	7.031852674484253	6.568068289756775	6.697749042510987	6.984750580787659	6.777156281471252	5.60321729183197	7.224268770217895	6.671750164031982	6.8740088701248165	5.958453965187073	6.973086428642273	6.735411834716797	5.834149396419525	7.350418281555176	6.87443790435791	5.953749394416809	6.8110527992248535	7.136962103843689	7.070718455314636	6.682997822761536	6.753736114501953	7.336058115959167	7.632818388938904	7.341952157020569	7.24188449382782	7.121203160285949	6.590787768363953	6.733698606491089	6.926868557929993	6.603272652626037	6.100285387039184	7.634206533432007	6.49880313873291	6.79664797782898	7.177216839790344	5.9886619567871096	6.488062238693237
