Checkpoint	Ditransitives	Motion	Ditransitive/Motion
30	0.9996757563565667	0.9987158018623209	0.9991693351228768
40	0.9994652249909731	0.9979100335460391	0.998640361914877
50	0.9889111984566209	0.9593772069566553	0.9743176304969864
60	0.9917738906688166	0.9732466159786972	0.9821655831188977
70	0.9920554687096689	0.9760574059284464	0.9838743004278551
80	0.9951630784068838	0.9834010082178848	0.9891546202844258
90	0.9962172647393402	0.9852322948215239	0.9905668317670092
100	0.9972177509247444	0.9879423590763878	0.9924107035464088
150	0.988237930498253	0.9683669658103362	0.9764816990949254
200	0.949380968354425	0.9134666777274381	0.8992715248356385
250	0.9320935813065628	0.9025340861340854	0.8824227032115401
300	0.8943036966450434	0.8661347136001977	0.8258706792666788
350	0.8432905172561802	0.8118200401833454	0.7405254956072397
400	0.7978780274420987	0.7546078385119422	0.6871727252054438
450	0.7480856591629201	0.7368631824600984	0.6421961055539087
500	0.7152790724664382	0.6809527234797513	0.5804351488798437
550	0.5984855201897561	0.5943613230075808	0.46236926769227216
600	0.6074737969377701	0.5832794367905654	0.47913979044782873
650	0.6272526500833789	0.5881617903570534	0.4937179063305829
700	0.46770035549440464	0.5331661709848737	0.3344393108161388
750	0.5708329232281518	0.5260739795967471	0.42012322773503263
800	0.5481182635582937	0.5714692347909577	0.37999137148684436
850	0.49906949525341227	0.5399943680879993	0.33850786444339037
900	0.5236075224333209	0.514207476053844	0.3354185697105573
950	0.5815270872807671	0.5381484883368889	0.3834822480520548
1000	0.5177725472926226	0.49738829138413676	0.34698940202185874
1050	0.5484530194429245	0.5126657418848491	0.3199281678623905
1100	0.6188838797419092	0.4748520333604564	0.3461875968239806
1150	0.5947936152047737	0.46677463427480864	0.30366023838539774
1200	0.5511864508529439	0.5337127851380413	0.3244497793744672
1250	0.4831599053482725	0.42778828441239697	0.3027671079041682
1300	0.49843482419445967	0.49721480764657056	0.28821356925844244
1350	0.5672869675589157	0.4939535278946041	0.2850387917082579
1400	0.5432347237185086	0.4732938329282915	0.2683138329364722
1450	0.5395503372602017	0.4417528925075475	0.2618436391981658
1500	0.5129237499538913	0.48273598542404544	0.257143852799146
1550	0.5359736580241494	0.4474915987398486	0.2727967677100547
1600	0.5146329472789624	0.43669989669969994	0.22775417415435284
1650	0.5562491184438394	0.4142997692770263	0.23575129866734343
1700	0.7330744575556071	0.7066216417120978	0.6193821026417318
1750	0.5102317406617186	0.4971784749917397	0.2989691470370588
1800	0.5208839085408052	0.45266116638712023	0.25498193037333605
1850	0.5309001420934857	0.42882379679681637	0.2345526311453971
1900	0.494263844662016	0.44754823662504434	0.21959343115413701
1950	0.5500460997358722	0.42334605346686754	0.24255926553853455
2000	0.5411826985715888	0.45313894713470004	0.2417754222411879
2100	0.5314612689060314	0.43858757698196016	0.21567361994779158
2200	0.5256373303126213	0.4618108851755886	0.21387504909556718
2300	0.5278886630815545	0.42206971681520095	0.1951523492357483
2400	0.48570454381702466	0.42617476752184397	0.21438610846387968
2500	0.5309399252157215	0.40287516629705	0.18589102502374186
2600	0.5268561280887759	0.40153414248281877	0.19571560688625864
2700	0.5205319428866092	0.39422923636157625	0.1962061092772997
2800	0.5310221163272405	0.4094337641765044	0.19483417369524877
2900	0.5181828510673999	0.42452679497705753	0.17411242272756128
3000	0.492133178888751	0.44737549240903174	0.19140338433269755
3100	0.5044130416433914	0.40434761908577077	0.18187907772201764
3200	0.529797415747888	0.45828921492531255	0.18904085325740963
3300	0.5155684988614729	0.39855244103725135	0.1836839674900807
3400	0.493377404243967	0.3979380090505751	0.1803931479084074
3500	0.4665394430169971	0.41608074406316764	0.16158666751674466
3600	0.4731349068999663	0.37804662261954464	0.15053761149274805
3700	0.47311461400219124	0.412724898738373	0.17836330178882073
3800	0.5026334107683874	0.4059795546420083	0.17956746411755103
3900	0.47141223000412097	0.40438081246496504	0.17689423921924954
4000	0.46335034981032786	0.41070383326063886	0.17730346086573184
4100	0.4772007524680411	0.3908062390796233	0.14967192394472423
4200	0.4492524086609328	0.39187881830786403	0.15162524999377813
4300	0.4569048477898969	0.3793457747974258	0.14496945483643264
4400	0.45817879609138684	0.4095818530983661	0.17937160864646493
4500	0.47705240628126255	0.41510419049598846	0.17376083156431038
4600	0.4669217786808237	0.40695807325950706	0.15518943879187375
4700	0.4676291625859678	0.3643130553645316	0.14802281895415262
4800	0.491838341586744	0.42103276741981077	0.16629014347502227
4900	0.47392120503649343	0.3817593242401126	0.16812206365722052
5000	0.4517406197619552	0.3982590784754851	0.16152394056908015
5100	0.4730828622793266	0.3914880072928295	0.1724443560813855
5200	0.4494826969390736	0.34963729620146955	0.15166189866549284
5300	0.43946836341625717	0.39448136850523796	0.14235688146765438
5400	0.45108931516037515	0.35589887239732254	0.1514587636005286
5500	0.4841821826223624	0.4230414049301348	0.18818930176712279
5600	0.45175609855686366	0.376164795165887	0.1573716768269122
5700	0.4505475225852833	0.3926103616253238	0.14891385704763999
5800	0.40487134222833726	0.38586300916758415	0.1331194077880398
5900	0.4221729240694224	0.38220197799249206	0.15267662704590326
6000	0.43204260947418255	0.39425437387354906	0.1431450217468029
6100	0.44752946031185464	0.3809092367813325	0.14680091754708618
6200	0.44218601252194834	0.38658442419112365	0.1447792629260576
6300	0.43272508556020367	0.4057832568274599	0.13066692164513222
6400	0.9866143652052553	0.967802294933247	0.976428673097511
6500	0.5869859890965814	0.6119284121507756	0.5089085618141788
6600	0.46820313171069394	0.38040922035354113	0.17786108184139876
6700	0.4586891328550645	0.37680045514075355	0.1638949794456131
6800	0.4386388610921019	0.37206007754498444	0.1505568488843417
6900	0.4328094651820282	0.36375423130047024	0.1357778309830863
7000	0.441123320890469	0.3976972306832827	0.14837249186345444
7100	0.42224781592682087	0.3580606466135833	0.14675174892027507
7200	0.4709359451227758	0.3616375721241893	0.1366370264098618
7300	0.4122245738672717	0.37186271858837106	0.14285805162457021
7400	0.44350351050493925	0.3756305353209024	0.1513625360540571
7500	0.45418154911254444	0.37974753148276535	0.1445020875557511
7600	0.4302517053575532	0.3694465695805789	0.13632487212158506
7700	0.4190970767263458	0.39533098464266514	0.15234654519228463
7800	0.421014755097688	0.37450199096417186	0.14552859587740175
7900	0.45323243612958664	0.3940070877906549	0.1620468432703218
8000	0.4480096304614376	0.37254809460235216	0.14859885544881296
8100	0.42291601004075147	0.3509124586998666	0.1575684281939942
8200	0.40935526292740887	0.34663262784661947	0.13036764207279516
8300	0.41226010397680646	0.3706832003996586	0.13687401322935855
8400	0.4142531832357683	0.36226940966076465	0.1506117664541831
8500	0.4032851211037207	0.3616254702732358	0.12706710173519645
8600	0.42788990341283273	0.33598197609984015	0.1569008725617233
8700	0.4245254439775906	0.3329220196147557	0.13174038763990747
8800	0.4315577285433082	0.3481807737099433	0.131790716091364
8900	0.41147235477710226	0.33202009190411963	0.13717868207598108
9000	0.4350298860159705	0.334151572086136	0.157482036686241
9100	0.40361510545365936	0.3413932063886	0.12933808293795743
9200	0.4266794940226412	0.3493107989915557	0.14435702284460533
9300	0.4295606269686592	0.3533896276564101	0.1380902839090401
9400	0.4036030610772011	0.3529220401177096	0.14036571131905937
9500	0.40887133549922355	0.3577545813665802	0.15171390450339683
9600	0.43796141319944293	0.3526539052384722	0.13355287382574857
9700	0.41895752954462157	0.3686036019598162	0.15330326260492338
9800	0.39871960018609065	0.35502186801678415	0.13481070408444454
9900	0.4240091271998799	0.3593865819811188	0.14668144532414495
10000	0.4114889262201317	0.3534357389405292	0.15136851581342878
10100	0.4358304196961504	0.35539946776721615	0.14775784386877866
10200	0.4256331967758583	0.3540579515944124	0.14094515696638504
10300	0.42242870720558184	0.3473390503298321	0.13160391895959447
10400	0.4079671219116615	0.35468145184244176	0.1397227450295325
10500	0.4058352389737089	0.35241861387581325	0.12627759400173422
10600	0.391844710412038	0.3514283038701491	0.12682456310296403
10700	0.40115094256814976	0.3442503388037516	0.13221871664123017
10800	0.4107994022575516	0.32954170563659535	0.14021462934959694
10900	0.4196689519223935	0.36761023781894653	0.1303819971719021
11000	0.4177532187715404	0.36149932587981126	0.13395100886622516
11100	0.41360108114583644	0.3618391819616386	0.13463764324401975
11200	0.38566782253131116	0.3529259614118523	0.11955285334455858
11300	0.44471000487261403	0.35690149352737266	0.17587451073097546
11400	0.41590105494561835	0.3603589421856013	0.13267602922297533
11500	0.42312060150540404	0.368371453510541	0.14606540358347356
11600	0.4059860983499279	0.3294665472320487	0.12308957566028977
11700	0.4023181694463625	0.3545568435776101	0.12976623250426336
11800	0.47343303063032693	0.38925537325149084	0.2275977430107177
11900	0.40043661395524216	0.34942029000834407	0.13076888690023805
12000	0.40182579437454125	0.36710710759404924	0.13634990702207542
12100	0.4205138332293631	0.34197169687266615	0.1390236618658189
12200	0.3910322889247572	0.3757109126642684	0.12696612402112642
12300	0.4064898500263332	0.34213612705845486	0.13134395419582728
12400	0.39122983051882526	0.35054537527278384	0.12897745808182282
12500	0.4344517993941498	0.3693027906475539	0.13462341243881454
12600	0.4288716393479022	0.3380928508894688	0.13611004797423143
12700	0.4092468678633186	0.34436716230925896	0.1308389684134638
12800	0.38919803021279303	0.3858238776921626	0.13780620328563853
12900	0.4000714201505614	0.34622391800219354	0.12886984124392875
13000	0.41089929848202394	0.38306326992547435	0.13610582200240978
13100	0.41143246120027926	0.3376665618073384	0.13834410067507466
13200	0.4001408112079623	0.3517432297544045	0.13227130773374798
13300	0.42028395277252517	0.35669250898242527	0.12924712664331706
13400	0.4052291735249532	0.34255457131982603	0.13000881394980895
13500	0.4343377479059023	0.3475872097539016	0.13530720033268304
13600	0.40682922303105545	0.34908396456484153	0.1272685115662171
13700	0.4434613697908803	0.3194578232226101	0.14611580446272296
13800	0.391512230651607	0.3369940748644928	0.13233338450208254
13900	0.41682142866097754	0.33358382713666995	0.12681619944472614
14000	0.4342924979922882	0.36837084261355757	0.1500902860515327
14100	0.3902454879770733	0.3304558150399163	0.13278229724431992
14200	0.3953118814410252	0.35108620398757767	0.13004325452797313
14300	0.4024320226278853	0.35258774565351175	0.12755325154179187
14400	0.3871064902530256	0.3523047301434523	0.12485018493434054
14500	0.40403019185319794	0.3575217868578776	0.13873278457339772
14600	0.3989668068858753	0.3576592536158956	0.12893138766188475
14700	0.42285592584043746	0.3396709497555214	0.1396476788568296
14800	0.401958791863115	0.3323982089607878	0.11828314723285181
14900	0.3887899262511537	0.3343858599406934	0.11791066055350365
15000	0.4028868861657116	0.3426972864197974	0.12569383752505692
15100	0.3753889091642605	0.3442419593882967	0.11344386526029346
15200	0.3973065661675431	0.33522326529812085	0.12967600845063074
15300	0.3958402847959402	0.35321791501162214	0.12630357879110235
15400	0.4083104656388413	0.34902298627476763	0.13098190010002425
15500	0.4200567990467665	0.4005408704532249	0.14639338403987878
15600	0.3857144565271972	0.35245836967938665	0.12521760655820538
15700	0.4164633439065946	0.3395755905830489	0.12870414889861215
15800	0.42072792481916205	0.36789431081930596	0.13004941466903683
15900	0.40677066492270003	0.33962069508039316	0.13510099813500157
16000	0.40599782972345266	0.35470611154197174	0.129056045155535
16100	0.4041935946154352	0.32326359656568093	0.12397514506728953
16200	0.39536653448643694	0.34425504165421517	0.13133429422368254
16300	0.4081545277714033	0.36398275742640074	0.1161963450494566
16400	0.3931373080097374	0.3278159214407153	0.13286351431659274
16500	0.39598258977142564	0.3266210838967533	0.13252534650361195
16600	0.39396223209376285	0.352928117476863	0.12905058667545724
16700	0.39997312150662845	0.3265355434301375	0.13172328177492432
16800	0.40653192632248014	0.3236341409827217	0.12156979755583452
16900	0.40864056971029206	0.3369986463393845	0.13972972161624644
17000	0.3944249155543927	0.3404547575166351	0.11600118693153724
17100	0.4038325245418978	0.3231457486594062	0.12689131836668263
17200	0.4024694414338438	0.3370730660017043	0.1298873953006278
17300	0.4118161973859185	0.33256554766835156	0.11786250286773582
17400	0.40227236309071424	0.3347945935145393	0.1421214652198437
17500	0.3856605720298176	0.32833883858019924	0.12486750530849683
17600	0.4047783261918843	0.338192863572106	0.11699776877033598
17700	0.4213493707493069	0.34481040771704113	0.12299396081953881
17800	0.3910737169202375	0.33879035386501855	0.12132386025900771
17900	0.39815998165562866	0.346830641275594	0.12645639606965056
18000	0.4022681386023879	0.3442566008924729	0.13349306391636911
18100	0.41002951705293245	0.3405626923764673	0.13411740035769742
18200	0.42299792134870445	0.3237065096943923	0.11448469105623192
18300	0.4195108255827313	0.33688826414740697	0.12628317328735592
18400	0.40790142580387373	0.34068916329356913	0.12059604674479087
18500	0.4099828934563479	0.37155304060276784	0.13198174323150505
18600	0.42129373504956363	0.34946380161612445	0.12742242528543704
18700	0.38739980865443724	0.34251959828746936	0.12790646262648572
18800	0.4151951896042776	0.3502526526752527	0.12411623034844553
18900	0.40040693044650627	0.32884734534797666	0.11858207720731012
19000	0.3816148819374994	0.334669455392657	0.12323009015034003
19100	0.38512207976824087	0.31700070911917505	0.12732656329322214
19200	0.3866925662271737	0.32459503571404263	0.11276523807507899
19300	0.39822240359121236	0.3354521231400889	0.1331838157763968
19400	0.38545793962376684	0.30193941909407546	0.11244331982645867
19500	0.38489675071865403	0.3186488099593286	0.1204088276720404
19600	0.390588868823648	0.32322816065163396	0.12361970748510437
19700	0.40795711374910315	0.3541376858349401	0.13457875594593496
19800	0.41307458147251497	0.3462537903434801	0.12824632259415636
19900	0.4024174031903958	0.34838731267399553	0.12715940625862618
20000	0.38129594091061325	0.32701316661153	0.1265023705482021
21000	0.3883222107167686	0.33306165194205006	0.110755745192319
22000	0.39551331955423147	0.3238058008438445	0.1149779475575771
23000	0.3842394755570969	0.3369609689583509	0.12788072813184875
24000	0.3803148543284016	0.3485503488678598	0.11620129822400464
25000	0.400529613901931	0.36375927058162477	0.12802217608061092
26000	0.4160251265526116	0.33542965382749396	0.13081322980238275
27000	0.39550599953194054	0.34650280367820635	0.13000388565790372
28000	0.41018753319849804	0.3373910627392986	0.12798084831597684
29000	0.3975367503577401	0.34239706215608845	0.13587548401349345
30000	0.3741727522995334	0.31026503466492794	0.10798069338930022
31000	0.3921558119706756	0.32852947544336325	0.12507689908823982
32000	0.38501630238979556	0.3237091843644195	0.12577141774506992
33000	0.4007838009833008	0.333662260025839	0.1408222838676969
34000	0.3939517491555983	0.33073539328467444	0.11835491061713573
35000	0.38745548439578337	0.34057798743307394	0.12262600550607033
36000	0.37881106215214083	0.3339866876812335	0.12070756606948119
37000	0.3972245012379299	0.35796040281648994	0.12478874429672478
38000	0.40627808982614294	0.3451475052361729	0.11538112799200499
39000	0.3947110774100447	0.3214407137277904	0.13042901373132118
40000	0.39671356924428036	0.321515708658258	0.11605179751094909
41000	0.3991483782477945	0.34186287668455667	0.1245998356565238
42000	0.3657117902238573	0.32502404363255194	0.1192523207313435
43000	0.36578853850014664	0.32236082595060617	0.11815326918667919
44000	0.383549295503144	0.29917165609609664	0.11489784942622719
45000	0.37790627407599026	0.3187013597689834	0.11338355925903008
46000	0.38469498954200465	0.30348998312363445	0.11573451744886794
47000	0.3512707779226028	0.31028954227941596	0.09996552650712415
48000	0.3801172745743965	0.31137961186137675	0.11247912181485864
49000	0.37737850560965336	0.32260400893851787	0.11803541986566915
50000	0.37499152983367195	0.32644707638580756	0.11046840672970995
51000	0.3790511556719753	0.3070882512603318	0.11257432442041788
52000	0.37303014177941185	0.2919897571259654	0.11440595196139407
53000	0.388758915571002	0.31276869869275115	0.11406198143485605
54000	0.3903356382785074	0.32039002143126083	0.12108003974538706
55000	0.35345615431939637	0.31507202727053085	0.10961841681792499
56000	0.38792005327002593	0.2974341255977259	0.11053177487001088
57000	0.3805515097264062	0.3036640950529813	0.10708300070503111
58000	0.3761196959746116	0.28954875148702913	0.10936845673306163
59000	0.38024366382697045	0.3077759141896521	0.1150551084214388
60000	0.3832995451326161	0.3225438570257313	0.11701158614310404
61000	0.37324455580108784	0.31864242294867406	0.11683878449690625
62000	0.39014137093855367	0.3184733584986031	0.11753449003241001
63000	0.36884850287956245	0.3048606370948623	0.10371067576769437
64000	0.38258655457036894	0.3248973589043207	0.11846304804957335
65000	0.38081267695007276	0.32534537185827345	0.10473849213217452
66000	0.37658334400278626	0.29751112326680024	0.10630054832722993
67000	0.38540378727357644	0.3157646657325805	0.10513158789352683
68000	0.3850404866935077	0.32175767246818765	0.11746618185135142
69000	0.3813378309908945	0.32135052080121745	0.12141584833646138
70000	0.37948294483162054	0.3377488222650559	0.12422167566569338
71000	0.3729208497431829	0.29503208583097174	0.10711175052660654
72000	0.398275379134298	0.31822123070146147	0.13149175399838028
73000	0.36196761304037023	0.3044256816420481	0.10661756222866413
74000	0.35021559491503085	0.3113584185042765	0.11403553995467741
75000	0.3744715836267687	0.3164157905594317	0.108701014504747
76000	0.3851943220610433	0.33464879157550953	0.12046820674870244
77000	0.3730618970967155	0.2985322548145946	0.10678120627953862
78000	0.3673848822400278	0.30143815959617243	0.11522783965020912
79000	0.349031051005799	0.302629559176265	0.10148466952398195
80000	0.3560413051016859	0.3158130310369868	0.1098859890182168
81000	0.3661351074218759	0.32263803196022656	0.1176834438455867
82000	0.36265390748960574	0.3156964403095014	0.10856151388830762
83000	0.35966504753562567	0.3060824270530168	0.11022823945465308
84000	0.3794313471677288	0.3235064858557629	0.10802113395581897
85000	0.3696472488454933	0.30119499571550906	0.10221209845975303
86000	0.3752063840290094	0.28251405545096303	0.10155617208857498
87000	0.3555525812694026	0.3065347775442267	0.09567350900499495
88000	0.3654422836318878	0.2921706730914912	0.12184698639890944
89000	0.3546155621136243	0.30569008304820616	0.1044265800292586
90000	0.3788882093488126	0.30854350344421844	0.11929383952821009
91000	0.3638273656665371	0.2983322830628893	0.10895446862098808
92000	0.36425093382179324	0.2757346037072306	0.10636045198744899
93000	0.3666359057923684	0.3105748367087639	0.10799186281268902
94000	0.3673346002722807	0.2899681231659464	0.09700194394922587
95000	0.3669956867307833	0.2976223772717969	0.1073441972480647
96000	0.3609365198753881	0.3330701467727844	0.10934903991299313
97000	0.36109968392458996	0.29269934272310144	0.10164574344922846
98000	0.3778581483042805	0.2770830851356801	0.10030422138028029
99000	0.3690948303712261	0.3223669317497585	0.10150874097451569
100000	0.36588392065789577	0.29186233432010616	0.11226768966305457
101000	0.3650652803741884	0.30127519972709	0.1027897022230843
102000	0.37298960187507	0.3092420995947112	0.11041140978349488
103000	0.3530515817430118	0.2930219141939713	0.10479818447031401
104000	0.34899164332293	0.3005803400085367	0.11199840263482802
105000	0.34822123766715185	0.2848865300310772	0.10624012957484683
106000	0.35634445965333544	0.3097232958809984	0.11032832930787628
107000	0.3569637713483654	0.30312913784724044	0.10352604577893154
108000	0.38138717463957933	0.33916965181959186	0.11331282898489238
109000	0.3573451681843843	0.30115433455292945	0.11724111105407956
110000	0.36683672330325506	0.3010805430484477	0.11283574701851751
111000	0.365632945585737	0.29937711132602723	0.09872802787561821
112000	0.3670821212060836	0.30847430195046727	0.11286913361176007
113000	0.3699275090256355	0.31097812021550797	0.10728405097975502
114000	0.38228212154741753	0.3056214713428506	0.11962716746595496
115000	0.3549674040845315	0.3079811182222738	0.1086748422902633
116000	0.3622218432442402	0.301413630185923	0.09681964861030733
117000	0.3541968103149288	0.31782635058223646	0.10618659735901535
118000	0.36937763558711006	0.3102833498035072	0.1104142201677115
119000	0.3744062243635945	0.2837879285253303	0.10955449733584961
120000	0.3696016172883421	0.3055921356477955	0.10843347117522172
121000	0.35709641072884407	0.287365535328803	0.10258796464907102
122000	0.3699300694970476	0.3010443455759178	0.1044268573738485
123000	0.36511885887653295	0.3020753404102779	0.09358910139762712
124000	0.35587049336808024	0.3105597840199324	0.11276516766250157
125000	0.3585445161342449	0.29409951981204585	0.10357064217787071
126000	0.3649432881245493	0.2826560801625787	0.10818919388560115
127000	0.3563897210923348	0.2860378154824113	0.10310312035027593
128000	0.35780664884738994	0.2679273303600891	0.10470247580547636
129000	0.34280559709808633	0.3159349303129015	0.10283492656993441
130000	0.35049385804750044	0.2775409856201422	0.0979014911994836
131000	0.3588731196622842	0.28401944483414954	0.10398717637636332
132000	0.35770202599358614	0.28958770725549243	0.11155739450562156
133000	0.3710284153692436	0.2859466859760349	0.12266210065191528
134000	0.3459306272708896	0.291314418093923	0.0921830163180598
135000	0.3619926692472334	0.33306010751634246	0.11256250704929396
136000	0.3673617927857573	0.28926535741461284	0.10954499398854482
137000	0.3627172120716942	0.2734883295703141	0.11463401625894869
138000	0.3615472209465189	0.3115115176710586	0.11538189451982729
139000	0.36398051522177677	0.2952930252811082	0.10141121976994484
140000	0.36787884668738463	0.29051705667070954	0.09627030383753102
141000	0.35097035027113693	0.3003132615624339	0.10765472516103701
142000	0.3595576498980772	0.28269427905331207	0.10320865549241094
143000	0.3823097003143651	0.29263088761170425	0.10583252359150598
144000	0.3533490232189229	0.29648550036595195	0.11195797908798881
145000	0.36022688303467415	0.30148452727224584	0.10391228138207356
146000	0.3539989254455599	0.29479836048416114	0.11533727674849269
147000	0.3662183419278564	0.29137711827503454	0.1060681262342072
148000	0.371104274846602	0.29337523715344666	0.10519796721026316
149000	0.3470162002547731	0.3084122711540621	0.10486686255218526
150000	0.33480223787358726	0.2832049738250895	0.09690938110768975
151000	0.3381561619813477	0.3001364920553604	0.09843081739313898
152000	0.36163229411447084	0.30321848019542513	0.10993885019522699
153000	0.3605010763697598	0.30249354091195685	0.10674184309774529
154000	0.3595799129925544	0.29739849253422673	0.10061078925546312
155000	0.36242898193124523	0.2890501335992055	0.10434023847131968
156000	0.35549560461784985	0.29298969427796806	0.09699152105360331
157000	0.35285747188883115	0.2755542095883189	0.09038826925137163
158000	0.36049275217856946	0.28826522280747435	0.0942010904909807
159000	0.34415152416399164	0.2869141106323394	0.10371268523279947
160000	0.3630459949772491	0.27901724627103264	0.10409092137828738
161000	0.36519564754071593	0.27502265240845725	0.0996249479614157
162000	0.36576280245795795	0.2866778628757322	0.10885176740211998
163000	0.35238540387593614	0.2877883018115115	0.10586360032308463
164000	0.36808836603292255	0.299181643945596	0.11621874776987531
165000	0.3399102595906874	0.28592290528990383	0.09604117669801229
166000	0.3492480641006015	0.2898521359535026	0.10465328380168007
167000	0.3648475731913263	0.29655724773833275	0.10133901804754084
168000	0.33729582921432244	0.27580107750400945	0.10242195956945489
169000	0.370870893209965	0.3001946827221128	0.12242973358408424
170000	0.34871465084394354	0.2865895677193014	0.10197796960835273
171000	0.34638707904933624	0.30995390409117274	0.10692730923564638
172000	0.3442655137923572	0.2848103354261609	0.09808692015582307
173000	0.32932281045700557	0.3243239394141798	0.10596073474374487
174000	0.34619500318745067	0.29487875437607386	0.09725652907056577
175000	0.3467676503206556	0.30432250450430376	0.0999565742734579
176000	0.35937421750172877	0.30397006431972184	0.10051944539307676
177000	0.36390163564845746	0.2966225440056858	0.10283344450091528
178000	0.355212761555361	0.29662134544345964	0.1048291890224547
179000	0.3649415199249808	0.2724213958183579	0.09962803330276436
180000	0.35922663831852514	0.3062923326593779	0.10421636943190908
181000	0.34156212709734185	0.3021323327919198	0.10088996553525822
182000	0.3758621983868498	0.28967872676464973	0.10761422795293395
183000	0.3629367540611116	0.30026519732531376	0.11086588386076192
184000	0.3718480250757621	0.277683797943658	0.1098892411789795
185000	0.3595246838501255	0.2931595119487337	0.09675551889002391
186000	0.3428367714027897	0.2803697612672791	0.09993824903809549
187000	0.35693976757592916	0.2930986247235709	0.10637259351037803
188000	0.36555304906563757	0.29677168382434305	0.10654096074655628
189000	0.3572455013192302	0.296059718181066	0.10591002890088892
190000	0.3528502155132833	0.3024512908766517	0.09955339389718701
191000	0.34764067862727355	0.3000355927825418	0.10125963501400287
192000	0.346414750580821	0.2946413162892533	0.09265867799281989
193000	0.36583666034405565	0.2735409435624915	0.10398513362419805
194000	0.3614741170329732	0.29859023036931454	0.1133245722680181
195000	0.3452684715911062	0.29288655137502434	0.10469202858981894
196000	0.35452898862307475	0.29398050881593846	0.09711436266994669
197000	0.3534624637332388	0.31292000280163457	0.1042504807515345
198000	0.355288191363877	0.30011364240004995	0.10399325774396868
199000	0.3496405288308736	0.2813916770552075	0.1023578427753989
200000	0.35031048257462755	0.292009618876779	0.10830962053153259
201000	0.3477028231886153	0.31513833073500835	0.09931936637779502
202000	0.3630069039185182	0.28154669562853735	0.09918399181516789
203000	0.37638416821738685	0.2878875071498208	0.10158006934407504
204000	0.3554136188093063	0.30777403313112195	0.09973435233329293
205000	0.3500306784874518	0.30099562822969667	0.10397505005767461
206000	0.3422167144666215	0.27109076314771274	0.10351028852668627
207000	0.3437270473463008	0.27880038546554786	0.09889223537860747
208000	0.3419511135699622	0.27934961629654265	0.10399889638924739
209000	0.3570767237539233	0.31163545166470213	0.10926120629837291
210000	0.3409084399747943	0.285782910061968	0.09632815187097474
211000	0.34079438379788	0.2890447056534904	0.09505159486136687
212000	0.34787397224600863	0.2957962806224141	0.09493609617359255
213000	0.3561979209060002	0.2983061120655042	0.09992948878307327
214000	0.34574238612205455	0.2856621232967029	0.09752674294539239
215000	0.37224273233176286	0.2922036700234996	0.10505608274324521
216000	0.34635033999198567	0.27626157833421267	0.09440848797749234
217000	0.3435847891592987	0.3011152316642373	0.09964269888417242
218000	0.3485407372697551	0.2732180711626295	0.09692009911639428
219000	0.34824807635471233	0.29110251509089735	0.10314514420262624
220000	0.3600017757899822	0.3143989709835006	0.10423683305389367
221000	0.34396624058137065	0.2889376732030522	0.09427148740528497
222000	0.3392141943309366	0.2882087374553728	0.09879958162422844
223000	0.3192648680359153	0.2734900096325673	0.09156590613052948
224000	0.3502590188779479	0.29722573490448667	0.10108120225909464
225000	0.3400343591767801	0.303143321635418	0.10397888075005152
226000	0.3483993880465638	0.3131938836876362	0.1004194617813407
227000	0.3302669343546682	0.27574226217296094	0.09436744246678984
228000	0.33508220864369515	0.2838315539318024	0.10000451961971701
229000	0.3548064280224342	0.3055754561788693	0.10902754843457352
230000	0.33967864215934557	0.31280932437609826	0.10017379919568106
231000	0.33100344293136846	0.2887461776085738	0.0984928160982093
232000	0.3451763589626441	0.2847718677620648	0.09583000113633897
233000	0.35657574053296454	0.2954802471230549	0.10020721646093853
234000	0.3464658216714726	0.279486884200501	0.09991321715589127
235000	0.35920241127416835	0.2787979846043674	0.10237491616295195
236000	0.34479221379859243	0.2823935793177258	0.09945167317244318
237000	0.346239910589982	0.2899362921147725	0.09891500970443677
238000	0.3354911017388415	0.293219737274819	0.10126171701883535
239000	0.3534283090570472	0.2926087996732846	0.10701327172524518
240000	0.35955356703398905	0.2781300900649051	0.10912738919393572
241000	0.3435305966425378	0.2928255265270679	0.09576489946393996
242000	0.3462449311080106	0.3031949892075643	0.09893261212107196
243000	0.34417200010456556	0.2895601049200816	0.10768618681345056
244000	0.33956824970872784	0.28393809509563606	0.1053315965344311
245000	0.34572196450343484	0.28952506389050775	0.1018273963604162
246000	0.34738051959112604	0.292285274913123	0.10597550286614374
247000	0.34113961391276776	0.28931811877548186	0.1020311764562119
248000	0.33674871089219266	0.2872568380898481	0.10255019319330835
249000	0.33169651347903534	0.2916893858104984	0.10016517858541182
250000	0.3288898808978717	0.2809877008960733	0.09757778467387589
251000	0.35385876764197327	0.3022262226231214	0.10354480803627206
252000	0.33639618493213513	0.2934898152192889	0.09475096754084317
253000	0.35312487304992823	0.3018047046514806	0.10491131866191596
254000	0.3477956345000737	0.29348345437495704	0.10222235368994034
255000	0.33225924945536073	0.27521906421554265	0.09605743996817086
256000	0.3429310462921017	0.2945292697172163	0.09679404764062292
257000	0.359922984392131	0.28646043855891923	0.09490508950071153
258000	0.342269881793625	0.3029330430403779	0.09767950528672416
259000	0.33839293934149156	0.2949355112815437	0.10082746003907672
260000	0.34834387357034197	0.2936326258095539	0.0984611450529292
261000	0.3482970489821323	0.28957494707012305	0.09665981222498521
262000	0.3431769998849831	0.28524637062096064	0.09780880907364563
263000	0.3543055709152004	0.2895883514479591	0.09671315022149718
264000	0.3362134806675886	0.28602480223494603	0.1054167030108507
265000	0.33462059329117744	0.28027761998571127	0.09980235299392863
266000	0.3393739240680192	0.30629046074513755	0.0963688026498541
267000	0.34813446289016947	0.30174774680367955	0.10325430519616113
268000	0.33562226011634144	0.2856370953067028	0.10316949906049419
269000	0.3432467867461359	0.29403069223997036	0.09404149059927898
270000	0.3428408665587716	0.28120804439297276	0.09803729187860816
271000	0.34624892214086966	0.2797275344734945	0.10089065337860413
272000	0.32272927634339793	0.27205659521737097	0.09525986904062876
273000	0.33493514306454364	0.28416909631594356	0.09220427287940064
274000	0.34818181416661265	0.29008439306522193	0.09435452491065341
275000	0.3394657690509801	0.2955290418985151	0.10383065426413193
276000	0.3398326326880072	0.28450092298498514	0.09854937888221539
277000	0.3459481212613799	0.26910761227291174	0.0974003119335929
278000	0.32005436241090895	0.28092960060194094	0.09898053942691408
279000	0.3236786919010305	0.2731698795214299	0.09601256341399601
280000	0.3291945778380815	0.2813469487673509	0.09444057092549515
281000	0.3416797104755281	0.2709021813244744	0.10253915997557926
282000	0.34434857537999985	0.2652121759575655	0.09657139901343909
283000	0.3248124764247009	0.27432283755379694	0.09942596945122488
284000	0.3297895390473888	0.26276682581989586	0.0911570987405788
285000	0.3391694919976664	0.2783070849958876	0.10115251353377527
286000	0.3388903178053512	0.2981505187177895	0.0973379358082171
287000	0.34180722909877254	0.291070624750678	0.09739182722116273
288000	0.34474344819564284	0.2763882635502721	0.09785782424314475
289000	0.33141697804666254	0.2903116083365234	0.09819122322739826
290000	0.3321752606903972	0.28142670805816866	0.09838256364756466
291000	0.32979912379949866	0.27727999604625747	0.0956604040724214
292000	0.32794951344221945	0.2892281404033143	0.09783710489276205
293000	0.32511416859103526	0.2896500647755252	0.09952501361180438
294000	0.3307010354029886	0.28537865470483226	0.09520314699002033
295000	0.3285590883130072	0.28188697580920374	0.09431209966345165
296000	0.3342882636403396	0.28139254661213703	0.09687452160129541
297000	0.34302317537523375	0.27739252759768995	0.09606845557215611
298000	0.33827637030292496	0.27707900603176566	0.09562385801178931
299000	0.35297377765377547	0.2748501472789112	0.10306313404019872
300000	0.330807732556937	0.2814402603677625	0.10214540440617186
301000	0.3421451265134222	0.2771329479430099	0.09943528198575055
302000	0.3337037134215058	0.2799883546650959	0.0997944262240086
303000	0.3190419608496961	0.2721355692762019	0.08997671679024749
304000	0.33284923192013527	0.2782877168683789	0.09382473780407447
305000	0.34749707478817865	0.29880648650962266	0.10201620937922694
306000	0.32779105492708094	0.28369192619875916	0.09860930989925888
307000	0.3544805693318631	0.2809796546572486	0.09797944974759865
308000	0.3283478784851911	0.28290953115171547	0.09075974019181147
309000	0.3311384891250962	0.28437768374408995	0.09797099632764596
310000	0.3293270776793929	0.2768889205483977	0.0929194095306224
311000	0.3367731017716295	0.2872453569371616	0.09898570324117113
312000	0.32660980526395633	0.27953323461333524	0.08928759333414049
313000	0.3227398788651209	0.27366567438648026	0.09874528205297672
314000	0.32998329543954524	0.2800021306771189	0.10204444436746078
315000	0.32903383572416844	0.2734720457117977	0.093219981304332
316000	0.31604473026245156	0.27295568214635374	0.09206002014023626
317000	0.33199257159872236	0.2733189981193437	0.09721378687632559
318000	0.33600037795444354	0.2923880100119662	0.10140327614833829
319000	0.3217079607820958	0.29383319735393576	0.09529344078810302
320000	0.32806302522002806	0.28185248275715963	0.09519943137100684
321000	0.33547676145709066	0.27264398382790067	0.09569050934372433
322000	0.327738950025953	0.2916214848386475	0.0954891660459958
323000	0.3309352374438536	0.2795057070322529	0.09681033510757699
324000	0.3410975101003617	0.30103858672917977	0.09960319329271493
325000	0.3321697945093158	0.2716836251711621	0.08841418612423235
326000	0.34097593639706253	0.27634879183168837	0.10448665526411255
327000	0.33804660681384974	0.2765083104616592	0.10023101766718037
328000	0.3284007864662875	0.2691112675205473	0.0946875715227553
329000	0.3144620543486256	0.2850778228520594	0.09442067555773608
330000	0.32617084416140935	0.2880296970657607	0.10033819007456793
331000	0.326497025462595	0.27268654056066816	0.09252617099081273
332000	0.32673707783609357	0.2650905608653276	0.09926574345554287
333000	0.331166145917713	0.2823744924546622	0.09764706930046428
334000	0.3327007511522331	0.2907757148857188	0.1003867988086138
335000	0.3299545923117613	0.2728000556841982	0.09605511505816033
336000	0.3273524558520056	0.2676179230161994	0.09621378022978648
337000	0.3309851967487417	0.2732909972529184	0.09715830569762812
338000	0.3348020231746135	0.30419518215398667	0.10202389558910699
339000	0.34017310579726	0.2831188975079188	0.10285164345038839
340000	0.33159887815755773	0.2853780189603668	0.10379041366829221
341000	0.33089687022073105	0.28096034842466144	0.09457953836351103
342000	0.3287872435757663	0.2726770330503163	0.09287657337903674
343000	0.3308919700684398	0.28596580367700125	0.09677036338675413
344000	0.3264006926516104	0.29277518094938026	0.09856317628264409
345000	0.3300438571976586	0.26928091551231165	0.08825196724108894
346000	0.3319863899169057	0.2851983824753196	0.09725025967827983
347000	0.33274181294069466	0.2839648221343983	0.09984267658298612
348000	0.3272579355450884	0.284504041378387	0.09784639637843418
349000	0.32168033849034877	0.27084160373923816	0.09671188048941366
350000	0.3187535895261581	0.273927038325678	0.09849839610569272
351000	0.3366180443710681	0.29701498627023204	0.09417249926505523
352000	0.32134767140883447	0.2752381938029561	0.09091737981740454
353000	0.3326665327811813	0.2805858751063586	0.10206751174370084
354000	0.3307964179600653	0.27950048935908234	0.09105754352823249
355000	0.3326823217343085	0.27237519510107155	0.10320107239988181
356000	0.33430254033355605	0.2689320903544385	0.09680375686768013
357000	0.345161221387678	0.28545777227061714	0.10185429751642763
358000	0.326626209676426	0.28292051523790446	0.09824252067177973
359000	0.32891399167351715	0.26598492143664765	0.09508096947418179
360000	0.3291226210836787	0.2707388168077207	0.09494552297191361
361000	0.32549573697782047	0.28173508846919687	0.0927834373222642
362000	0.32159330379795104	0.2738705369149534	0.0925071643905302
363000	0.3259382525823856	0.273647644723857	0.09354448390099432
364000	0.31978968227822807	0.284925449089494	0.09358652521571213
365000	0.3278949029381441	0.2629593995308571	0.09317794004501341
366000	0.3259199297970368	0.2690425911802247	0.08858214312982182
367000	0.32411148626141933	0.27060851503385097	0.09676340548693242
368000	0.323585958665754	0.28516099152009894	0.10060812806331569
369000	0.3184515450469169	0.2782956962786475	0.09844827431231465
370000	0.3287904632902404	0.284047807101853	0.09713254281552969
371000	0.31915342860021906	0.27210852405051955	0.08971833433817139
372000	0.32261878551957146	0.26861350069149714	0.09483108403722838
373000	0.32444957452573503	0.2697637086805811	0.09273607327333183
374000	0.3164518854100941	0.27370271257745643	0.09335740694329352
375000	0.32506494131770347	0.28354908400983364	0.09745071295908911
376000	0.3228593861714175	0.2751751613066502	0.09415826626843528
377000	0.33049152001794585	0.2708737304359543	0.09753717467071814
378000	0.3282911648925597	0.28290333658131206	0.09794129551868362
379000	0.3213922341591794	0.2767505106060348	0.09740656164854716
380000	0.31690165104298107	0.27409312077353704	0.09405319380521807
381000	0.32522998921704666	0.2714483234977947	0.09702147799995568
382000	0.3224129797177307	0.2653321356396062	0.0935380488924938
383000	0.31839683946209857	0.27185459556001595	0.09123876955302856
384000	0.32394296843027814	0.2716610880734694	0.0909530116521957
385000	0.32474217753196083	0.27030782034200557	0.09656079356351142
386000	0.3275900482596199	0.26719521368769084	0.09285004571664345
387000	0.32777645155077223	0.2698236872373076	0.09626820787977097
388000	0.32224114547472715	0.2672233996660591	0.09516464562242219
389000	0.3249830596380682	0.26643240079744174	0.09332444544576825
390000	0.3245264033126473	0.26542755646697425	0.09141946876034895
391000	0.3195465314082559	0.26602980131937043	0.09261942602585205
392000	0.32726658388707913	0.2709961491484963	0.09617666083298632
393000	0.3229977668457692	0.2650580485190528	0.0956534286042653
394000	0.3209503725793063	0.27039239808601645	0.09454579448821802
395000	0.3214145438263831	0.2695542907307315	0.09260748237596907
396000	0.32343137584134896	0.271438920203113	0.0932486263914893
397000	0.31963940803838314	0.2688668022222385	0.09324633356813486
398000	0.31978584784712777	0.27172449813112926	0.0925382515554406
399000	0.3255604323159753	0.27193218042296596	0.09489411301359715
400000	0.32262222965612347	0.26985376484798673	0.09360910888188122
