Checkpoint,DET (matrix),COP (matrix),DET (RC),COP (RC)
100,0.13828435466946484,0.0010687198321091289,0.15688086186540734,0.001346835891381346
150,0.1533167576075551,0.0007121143756558236,0.16828020070838254,0.0007443329397874851
200,0.21084889821615949,0.00043509443861490033,0.18013108618654075,0.0005172491145218418
250,0.16348082371458555,0.00016041972717733473,0.15256112160566707,0.00022382526564344746
300,0.186399370409234,0.0003706663168940189,0.172743919716647,0.000365383707201889
350,0.20596668415529906,8.897691500524659e-05,0.20431028335301063,5.2762691853600953e-05
400,0.2474600419727177,5.127492130115425e-05,0.2404552420306966,1.8028335301062574e-05
450,0.2255127387198321,3.812172088142707e-05,0.2143919244391972,1.5832349468713106e-05
500,0.29108027806925496,1.6757607555089194e-05,0.2220526210153483,1.7119244391971663e-06
550,0.26636555613851,3.345225603357817e-05,0.24356815820543093,3.872491145218419e-06
600,0.269784055613851,3.1432318992654773e-05,0.2363279574970484,3.979929161747343e-05
650,0.3107438614900315,9.653725078698846e-06,0.3201417001180637,7.343565525383707e-06
700,0.25502815844700943,3.6972717733473245e-05,0.2854329752066116,3.776859504132232e-05
750,0.3061830062959076,1.2408184679958027e-05,0.31092759149940974,1.8689492325855963e-05
800,0.29534133263378803,2.2591815320041974e-05,0.30358781582054306,2.1700118063754427e-05
850,0.2867662067156348,1.972193074501574e-05,0.30719538370720184,5.997638724911452e-05
900,0.295554889821616,1.810598111227702e-05,0.2986303659976387,1.1440377804014168e-05
950,0.336270314795383,5.886673662119622e-06,0.3244117355371901,9.949232585596221e-05
1000,0.3366786988457502,2.325813221406086e-05,0.3196512042502952,0.00029296340023612753
1050,0.3018606873032529,8.871983210912906e-06,0.3106110625737899,0.00011179456906729636
1100,0.285847686253935,1.9596012591815316e-05,0.28098417945690674,0.0007395159386068478
1150,0.3167620356768101,2.0125918153200422e-05,0.31563349468713103,0.0002360330578512397
1200,0.3403767785939139,1.1306400839454354e-05,0.3445913341204251,0.00010312868949232586
1250,0.34909891920251834,1.7696747114375653e-05,0.3280071900826446,0.0005385714285714286
1300,0.30995515739769147,2.1941238195173135e-05,0.2912502715466352,0.0011498819362455728
1350,0.33002470619097585,4.0923399790136415e-05,0.3341370720188902,0.0005847933884297521
1400,0.31151195173137464,1.4679958027282267e-05,0.3054808736717828,0.00041885478158205426
1450,0.3075369412381952,1.354669464847849e-05,0.29829858323494685,0.0015269185360094449
1500,0.3514309338929696,1.0540398740818468e-05,0.351808028335301,0.0016542739079102712
1550,0.3090526495278069,9.879328436516265e-06,0.3303951239669422,0.0005714049586776859
1600,0.3551229328436516,7.985309548793284e-06,0.36305240850059034,0.0012382290436835893
1650,0.30234400839454356,1.0729275970619099e-05,0.29225631641086186,0.0016751475796930341
1700,0.06680793284365162,0.001004118572927597,0.05830285714285714,0.0013674025974025972
1750,0.2957933683105981,2.2738719832109123e-05,0.27688484061393154,8.952774498229043e-05
1800,0.3179602833158447,1.6694648478488982e-05,0.3265163400236128,0.0003900708382526565
1850,0.3482579275970619,9.643231899265477e-06,0.3668128453364817,0.000718949232585596
1900,0.3372110912906611,5.199370409233998e-06,0.3519507438016528,0.0011619244391971664
1950,0.34945240293809027,1.3221406086044072e-05,0.3664203069657615,0.0009986776859504131
2000,0.36702687827911856,1.3153200419727177e-05,0.3583090200708382,0.002149102715466352
2100,0.3531217313746065,6.83105981112277e-06,0.3387385005903188,0.002385076741440378
2200,0.354589370409234,7.995802728226654e-06,0.3464030342384888,0.002928370720188902
2300,0.33621683630640087,5.676810073452256e-06,0.34788896103896105,0.001059645808736718
2400,0.342835797481637,8.646379853095489e-06,0.31198634002361275,0.0038187957497048406
2500,0.3417611647429171,8.803777544596012e-06,0.32243463990554905,0.004738536009445102
2600,0.3532974658971669,1.3704092339979014e-05,0.32725625737898467,0.006478677685950413
2700,0.36410062434417634,1.7890870933892974e-05,0.3172598347107438,0.008096068476977568
2800,0.3060574396642182,1.688352570828961e-05,0.2688225974025974,0.005763282172373083
2900,0.378635351521511,2.3053515215110183e-05,0.34803926800472257,0.0042556906729634
3000,0.3604584470094439,8.462749213011544e-06,0.3168944391971664,0.006553305785123967
3100,0.30248837880377755,1.7492130115424977e-05,0.26817597402597404,0.011898323494687132
3200,0.32345315844700945,8.546694648478488e-06,0.2785853955135773,0.008912396694214874
3300,0.384239370409234,5.2151101783840495e-06,0.3304182998819363,0.018885737898465173
3400,0.3853324029380903,5.897166841552991e-06,0.3531660212514758,0.01079172373081464
3500,0.36781320566631687,3.646379853095488e-06,0.29451922077922077,0.01339177095631641
3600,0.3518936253934942,5.981112277019936e-06,0.29198563164108615,0.02146791027154664
3700,0.3555606453305352,1.3473242392444911e-05,0.261816694214876,0.03780489964580874
3800,0.33266992654774397,8.321091290661071e-06,0.28606360094451005,0.010438819362455727
3900,0.36309096537250785,3.882476390346275e-06,0.3176650767414404,0.0120098347107438
4000,0.35928994228751315,8.913955928646381e-06,0.2878795867768595,0.03479318772136954
4100,0.36550924449108085,5.209863588667366e-06,0.33146612750885474,0.009602432113341204
4200,0.40973832109129066,7.1301154249737675e-06,0.29007909090909095,0.0461541440377804
4300,0.38957173137460643,4.622245540398741e-06,0.3153532467532467,0.03579466351829988
4400,0.37388466421825817,6.925498426023085e-06,0.3139496103896104,0.02051089728453365
4500,0.37668710912906606,4.454354669464847e-06,0.2903294805194805,0.04072713105076741
4600,0.39268442287513117,3.945435466946485e-06,0.2886776387249114,0.024654391971664698
4700,0.36414329485834207,1.0923399790136413e-05,0.22944722550177096,0.07073661157024794
4800,0.3767036988457502,6.7943336831059806e-06,0.30022761511216056,0.03056805194805195
4900,0.3677280115424974,5.393494228751312e-06,0.25484213695395513,0.04674634002361275
5000,0.3985651941238195,5.7135362014690444e-06,0.2680946162927981,0.060352951593860685
5100,0.3520548635886674,8.263378803777544e-06,0.20217914994096814,0.09207217237308146
5200,0.3695615897166841,1.3793284365162643e-05,0.2594762455726092,0.06522507674144037
5300,0.38953376705141657,4.879328436516264e-06,0.24242943329397873,0.06917694214876034
5400,0.3565794123819518,5.299055613850997e-06,0.2185385950413223,0.0837951357733176
5500,0.37312406086044075,5.876180482686254e-06,0.2575582054309327,0.05154695395513577
5600,0.3723260125918153,3.7355718782791182e-06,0.20586415584415585,0.10016103896103896
5700,0.37364028331584476,4.711437565582372e-06,0.24571722550177094,0.07267551357733176
5800,0.3787634784889822,5.697796432318992e-06,0.26032197166469895,0.05066371900826447
5900,0.35808435466946487,3.620146904512067e-06,0.25240684769775673,0.02715234946871311
6000,0.3845889716684155,4.842602308499475e-06,0.2543010271546635,0.04769817001180637
6100,0.409914795383001,2.885624344176285e-06,0.3090616056670602,0.031386056670602125
6200,0.34777494228751316,3.3997901364113326e-06,0.22293573789846519,0.0688262691853601
6300,0.35673968520461696,7.077649527806925e-06,0.20830449822904368,0.09901108618654074
6400,0.17334603357817419,0.005109349422875132,0.21112879574970483,0.004090873671782763
6500,0.23194908184679955,2.630640083945435e-05,0.22198329397874855,7.201889020070839e-07
6600,0.3519782896117523,2.2885624344176285e-05,0.3075960448642267,0.002194639905548997
6700,0.3594751154249738,2.1437565582371456e-05,0.29209484061393154,0.009295466351829988
6800,0.3279932896117524,1.9554039874081843e-05,0.21156571428571427,0.0509304132231405
6900,0.38235492654774395,2.1825813221406084e-05,0.21517018890200706,0.08056275088547815
7000,0.3647142602308499,1.29800629590766e-05,0.220366186540732,0.07407906729634002
7100,0.3487411647429171,1.514165792235047e-05,0.20511136953955136,0.10184203069657617
7200,0.385904165792235,1.2203567681007345e-05,0.2019464935064935,0.10202312868949233
7300,0.3613174396642183,5.099685204617e-06,0.18834645808736716,0.10763662337662337
7400,0.3694397271773347,8.541448058761805e-06,0.15829269185360093,0.11347239669421487
7500,0.3724298373557188,4.774396642182581e-06,0.20044913813459267,0.0739456906729634
7600,0.3742475341028331,3.7355718782791182e-06,0.20722479338842978,0.05920981109799292
7700,0.3618708551941238,2.0629590766002102e-05,0.15274992916174734,0.14155698937426212
7800,0.37415845225603356,1.1547743966421827e-05,0.18946414403778042,0.08814831168831169
7900,0.3675189559286463,5.215110178384051e-06,0.17982611570247933,0.10892491145218418
8000,0.35226179433368315,1.0173137460650576e-05,0.15672225501770953,0.1308285478158205
8100,0.36014565057712483,5.120671563483736e-06,0.13230839433293978,0.14017956316410862
8200,0.3748679380902413,7.187827911857293e-06,0.2346392325855962,0.061718299881936244
8300,0.3798531741867786,1.7980062959076602e-05,0.18479952774498232,0.12452598583234947
8400,0.37828689401888776,1.6579223504721934e-05,0.21877280991735537,0.11984935064935065
8500,0.3737249685204617,5.865687303252885e-06,0.2039435419126328,0.13581567886658794
8600,0.37439263903462755,2.833158447009444e-06,0.20912178276269186,0.08250897284533648
8700,0.3557900209863589,1.669464847848898e-05,0.19419012987012987,0.10907285714285714
8800,0.3800175445960126,5.010493179433368e-06,0.20462677685950414,0.09067175914994097
8900,0.3340553305351522,9.62224554039874e-06,0.15025452184179458,0.10578194805194804
9000,0.3705462749213011,5.351521511017839e-06,0.22232565525383707,0.07913938606847698
9100,0.362768315844701,1.69202518363064e-05,0.18005990554899645,0.11968858323494687
9200,0.3813398163693599,7.733473242392446e-06,0.19405225501770956,0.109414746162928
9300,0.382588740818468,1.8830010493179436e-05,0.18403909090909087,0.12242935064935065
9400,0.37012127492130115,5.750262329485834e-05,0.13866365997638724,0.1464575678866588
9500,0.3604281322140609,8.530954879328436e-06,0.19117355371900824,0.09630553719008264
9600,0.3721884784889821,6.857292759706192e-06,0.16911625737898464,0.09636532467532467
9700,0.3624472298006296,3.4732423924449105e-05,0.1357565525383707,0.1420475678866588
9800,0.3522291395592865,2.2114375655823714e-05,0.13531976387249114,0.16328592680047224
9900,0.3774637040923399,5.3200419727177335e-06,0.15992800472255014,0.13867178276269185
10000,0.3856360755508919,3.2318992654774396e-06,0.19819229043683587,0.1300527390791027
10100,0.38638538824763907,9.616998950682056e-06,0.1534696930342385,0.17241270365997638
10200,0.35856036726128016,2.3478488982161597e-05,0.1654759976387249,0.11450749704840615
10300,0.3885585257082896,3.3420776495278064e-06,0.15484916174734356,0.14773517119244392
10400,0.3795066054564533,1.63903462749213e-05,0.13775301062573791,0.18280850059031875
10500,0.3729893231899266,1.6873032528856246e-05,0.1575074970484061,0.15524546635182998
10600,0.3443920776495278,2.097061909758657e-05,0.13749011806375444,0.13881035419126328
10700,0.38219923924449106,0.00010124868835257083,0.13730727272727272,0.19969086186540733
10800,0.3868660440713536,2.2093389296956976e-05,0.171272266824085,0.1466267178276269
10900,0.3926926705141658,8.134312696747115e-05,0.15208500590318771,0.1369018536009445
11000,0.37954301154249737,5.419727177334734e-06,0.1553704722550177,0.18073871310507675
11100,0.38204309548793286,2.177334732423925e-06,0.18324557260920898,0.12456630460448642
11200,0.36076326862539354,1.0703043022035676e-05,0.1668917945690673,0.1435369657615112
11300,0.36971918677859394,5.954879328436517e-06,0.19247916174734359,0.10047744982290437
11400,0.36949616998950685,3.175236096537251e-05,0.1250772373081464,0.17703703659976386
11500,0.3800005771248688,1.565582371458552e-05,0.15887512396694214,0.14045382526564346
11600,0.3651698426023085,2.888772298006296e-05,0.1611525974025974,0.13451785123966942
11700,0.37022306925498427,2.7733473242392445e-05,0.13950474616292802,0.14518619834710744
11800,0.34192696747114376,0.00022747639034627492,0.17053409681227866,0.062053506493506494
11900,0.36199296956977967,1.4727177334732424e-05,0.11400520661157025,0.15794733175914993
12000,0.3778188982161595,1.6180482686253937e-05,0.12406291617473435,0.20076110979929165
12100,0.3771304197271773,1.0766002098635884e-05,0.15449167650531284,0.1046924321133412
12200,0.3959964585519412,1.689401888772298e-06,0.1833646989374262,0.10977939787485241
12300,0.34705767051416575,1.5225603357817419e-05,0.18027236127508856,0.09349866587957498
12400,0.3823472140608604,3.809024134312697e-06,0.1578496458087367,0.11786425029515939
12500,0.3553310230849947,6.044071353620147e-06,0.15956168831168832,0.10458277449822906
12600,0.3751902833158447,1.6789087093389297e-06,0.19627913813459266,0.09946898465171193
12700,0.38901573452256033,1.5152151101783839e-05,0.13932438016528925,0.14028297520661157
12800,0.36804124868835253,1.0923399790136411e-05,0.14352094451003541,0.13289582054309326
12900,0.3891403777544596,3.871983210912907e-06,0.1725086422668241,0.13436007083825263
13000,0.3885556243441763,1.0724029380902414e-05,0.14408681227863046,0.10760291617473434
13100,0.365193389296957,2.6915005246589715e-06,0.1290619598583235,0.14202018890200707
13200,0.3558901678908709,2.471143756558237e-06,0.1681600590318772,0.10444694214876034
13300,0.3837675341028332,1.4522560335781742e-05,0.1369393624557261,0.14162009445100354
13400,0.3601367628541448,6.253934942287512e-06,0.13061663518299885,0.194202479338843
13500,0.34368318467995806,7.565582371458553e-06,0.1320972845336482,0.14542212514757968
13600,0.37073725078698844,1.794333683105981e-06,0.17193671782762693,0.07459290436835891
13700,0.3744227911857293,3.473242392444911e-06,0.1429962219598583,0.16279714285714283
13800,0.37693583420776494,9.244491080797482e-06,0.14877194805194804,0.11282902007083825
13900,0.4035906295907661,2.560335781741868e-06,0.1709719362455726,0.12811255017709564
14000,0.38740850996852044,2.7964323189926546e-06,0.14335465171192444,0.14358782762691852
14100,0.3873178856243442,7.549842602308501e-06,0.15225343565525384,0.1461387012987013
14200,0.35762325288562435,5.792235047219307e-06,0.1454519362455726,0.092088453364817
14300,0.366958982161595,2.1720881427072402e-06,0.13595827626918539,0.1336258559622196
14400,0.3775988405036726,3.814270724029381e-06,0.14216493506493505,0.13787736717827626
14500,0.3497843126967471,2.7754459601259182e-06,0.11913109799291619,0.13901465171192445
14600,0.3659063273871983,4.359916054564533e-06,0.16146769775678868,0.13096467532467532
14700,0.3768853462749213,2.3871983210912906e-06,0.16621728453364817,0.11071602125147582
14800,0.3715027282266527,2.6442812172088137e-06,0.14808269185360096,0.12539184179456905
14900,0.36540623819517315,3.399790136411332e-06,0.1668600826446281,0.11116949232585595
15000,0.3482983105981112,1.0299055613850997e-05,0.1354323966942149,0.11920639905548998
15100,0.37815664742917104,9.59601259181532e-06,0.14643775678866588,0.13080390791027155
15200,0.38441871458551946,6.232948583420775e-06,0.18416149940968124,0.1238872136953955
15300,0.3760336883525708,4.900314795383002e-06,0.15043582054309326,0.13236345926800472
15400,0.3506695015739769,5.755508919202518e-06,0.12442279811097993,0.12833048406139316
15500,0.377127833158447,3.961175236096537e-06,0.1608854191263282,0.14022716646989372
15600,0.39073292759706196,2.5288562434417627e-06,0.19967716646989372,0.08741280991735538
15700,0.3822611542497377,2.4763903462749215e-06,0.18668748524203072,0.10593770956316412
15800,0.3659082738719832,3.4837355718782793e-06,0.19742406139315233,0.08337331759149941
15900,0.377938536201469,2.4554039874081847e-06,0.1713034238488784,0.0985505785123967
16000,0.37228506820566637,3.037775445960126e-06,0.17268299881936244,0.11078186540731996
16100,0.3782611385099685,3.488982161594963e-06,0.15772881936245572,0.14291373081463993
16200,0.34861004721930744,3.4260230849947536e-06,0.14459335301062576,0.1540572963400236
16300,0.3680257869884575,5.881427072402939e-06,0.1315464344746163,0.15257015348288078
16400,0.3505982161594963,3.856243441762854e-06,0.14390984651711927,0.11436981109799291
16500,0.36590789611752367,3.0535152151101785e-06,0.13285524203069657,0.1661948288075561
16600,0.3640949580272823,7.507869884575026e-06,0.12886498229043683,0.1701117709563164
16700,0.36816478488982163,1.2156348373557185e-05,0.11642443919716648,0.17096357733175915
16800,0.36331699895068204,2.413431269674712e-06,0.1517484179456907,0.12927827626918537
16900,0.35434900314795387,3.57292759706191e-06,0.17367890200708383,0.09954347107438018
17000,0.37045409233997895,5.912906610703043e-06,0.17317793388429753,0.12350399055489963
17100,0.36915685204617,1.5362014690451207e-05,0.14352671782762694,0.16621912632821723
17200,0.3659315949632739,4.745015739769151e-05,0.13598585596221963,0.1262560212514758
17300,0.37235970619097586,9.097586568730326e-06,0.17912904368358917,0.0943740613931523
17400,0.37730713011542494,6.2801678908709335e-06,0.215890826446281,0.07308683589138133
17500,0.380340388247639,3.278593913955929e-05,0.1649057733175915,0.10429596221959858
17600,0.3773560073452256,8.06925498426023e-06,0.18616474616292797,0.08042246753246753
17700,0.35936744491080796,1.300629590766002e-05,0.13175024793388432,0.15671269185360098
17800,0.3684415057712487,1.5026232948583422e-05,0.16183005903187722,0.10673279811097994
17900,0.3733434155299055,8.740818467995804e-06,0.15241613931523024,0.1139733648170012
18000,0.3784434679958027,5.424973767051416e-06,0.12941871310507674,0.14287961038961036
18100,0.3704022350472193,4.6411332633788034e-05,0.14700735537190082,0.1461696458087367
18200,0.3910556610703044,6.857292759706191e-06,0.17976017709563163,0.12129092089728452
18300,0.37142983735571883,1.8908709338929695e-05,0.1308904722550177,0.1403
18400,0.3678598006295907,7.875131164742916e-06,0.13551808736717827,0.15234355371900826
18500,0.36852961699895065,1.4134312696747118e-05,0.12664992916174736,0.16335344746162928
18600,0.3702982056663169,1.1248688352570829e-05,0.20485142857142857,0.0931178158205431
18700,0.34661192549842595,1.3399790136411333e-05,0.1395326564344746,0.13851739079102715
18800,0.37183614900314793,1.405036726128017e-05,0.18738855962219603,0.12638811097992914
18900,0.38344973767051416,4.459601259181532e-06,0.14938012987012986,0.13494357733175913
19000,0.3768767733473242,5.724029380902413e-06,0.134158453364817,0.11284157024793388
19100,0.3740404144805876,5.839454354669464e-06,0.14996996458087364,0.11579528925619835
19200,0.3506541500524659,1.3583420776495276e-05,0.13119799291617473,0.12235158205430932
19300,0.35766742392444906,9.275970619097588e-06,0.12606213695395513,0.13398258559622195
19400,0.3624794018887723,8.793284365162643e-06,0.14077330578512395,0.1250157733175915
19500,0.3753548530954879,2.3578174186778598e-05,0.1395487839433294,0.1483391145218418
19600,0.37049319517313745,4.5750262329485826e-06,0.1893001652892562,0.08889616292798111
19700,0.3762793966421825,2.822665267576075e-06,0.168223813459268,0.11220871310507673
19800,0.37860274921301157,5.0367261280167885e-06,0.13978912632821724,0.1394101416765053
19900,0.36200298006295906,1.589716684155299e-05,0.1338386186540732,0.13069708382526565
20000,0.3687201364113326,1.3305351521511019e-05,0.1456302243211334,0.15202757969303424
21000,0.37845267051416576,5.87093389296957e-06,0.15062682408500588,0.12126001180637544
22000,0.3640206715634837,1.443336831059811e-05,0.11916226682408501,0.14408110979929162
23000,0.3611187618048269,1.2591815320041973e-05,0.11526791027154665,0.1339974852420307
24000,0.378326778593914,8.378803777544595e-06,0.15382086186540733,0.11987782762691854
25000,0.38383162644281216,1.0598111227701993e-05,0.1504317945690673,0.12414565525383707
26000,0.36296852046169986,1.1794333683105982e-05,0.14823134592680048,0.13230726092089728
27000,0.3570811280167891,3.4312696747114373e-06,0.15505382526564346,0.09333321133412043
28000,0.37029792759706187,3.242392444910808e-06,0.14752545454545454,0.13122258559622196
29000,0.37110602308499474,1.5309548793284364e-05,0.12120435655253836,0.11791403778040141
30000,0.3701462277019937,1.128541448058762e-05,0.12276136953955136,0.10963249114521842
31000,0.38321889821615956,1.8462749213011543e-05,0.10569272727272727,0.14429452184179456
32000,0.37431096537250785,1.9485834207764956e-05,0.15957584415584414,0.11495335301062574
33000,0.3855593389296957,1.4176285414480588e-05,0.1572158323494687,0.11229696576151121
34000,0.38851367785939134,7.770199370409234e-06,0.13996119244391972,0.13053312868949232
35000,0.371866332633788,2.9118572927597065e-06,0.15638693034238485,0.1268225383707202
36000,0.3669867576075551,5.797481636935991e-06,0.14890914994096813,0.11675733175914994
37000,0.3839026390346275,1.1862539349422873e-05,0.11746048406139316,0.15603100354191263
38000,0.3797166631689402,1.66211962224554e-05,0.13262864226682408,0.14705476977567886
39000,0.376691778593914,1.0388247639034629e-05,0.15204646989374265,0.14487792207792208
40000,0.37927522560335786,2.0372507869884576e-05,0.1360662691853601,0.13986223140495868
41000,0.38395561385099686,1.1594963273871985e-05,0.11285946871310508,0.15675103896103895
42000,0.3793306715634837,1.1673662119622246e-05,0.1721494805194805,0.1271049704840614
43000,0.38167404512067155,2.9763903462749213e-05,0.1174518772136954,0.17393419126328213
44000,0.36658169464847845,1.5487932843651628e-05,0.13950902007083826,0.11232190082644626
45000,0.3908010388247639,3.2791185729275973e-06,0.1704841204250295,0.1073946989374262
46000,0.3724874501573977,3.4228751311647436e-05,0.12408288075560804,0.1661464580873672
47000,0.3883377701993704,3.509443861490032e-05,0.13263728453364818,0.13132598583234947
48000,0.3747700944386149,2.5802728226652677e-05,0.10836178276269186,0.14202983471074382
49000,0.35327028331584465,2.2974816369359914e-05,0.11614691853600945,0.1494016292798111
50000,0.39597071878279116,1.154249737670514e-05,0.09329441558441559,0.19594590318772137
51000,0.37649739769150053,2.5041972717733475e-05,0.13014293978748526,0.14417801652892562
52000,0.3745329013641133,1.54302203567681e-05,0.11107451003541911,0.16328548996458087
53000,0.37969328961175236,1.687827911857293e-05,0.13826174734356553,0.12135596221959859
54000,0.3798716211962224,1.335781741867786e-05,0.09739380165289256,0.16008778040141675
55000,0.37582846274921305,1.2098635886673661e-05,0.12436747343565524,0.14617340023612752
56000,0.38157456977964327,1.4517313746065058e-05,0.11589021251475796,0.12914637544273908
57000,0.3776859706190976,1.6290661070304304e-05,0.09284669421487604,0.1524217709563164
58000,0.3965526023084995,2.7182581322140607e-05,0.08776538370720188,0.17702009445100356
59000,0.3671883210912907,1.813221406086044e-05,0.10348336481700117,0.1763601298701299
60000,0.3704412854144807,1.8562434417628538e-05,0.1136358559622196,0.13782186540731994
61000,0.3754005141657923,2.7114375655823714e-05,0.12830785123966942,0.1684743329397875
62000,0.35933061385099685,2.318992654774397e-05,0.10471782762691853,0.15180075560802833
63000,0.3973554459601259,1.313221406086044e-05,0.11356460448642268,0.13480964580873672
64000,0.3892140398740818,3.690451206715635e-05,0.10079785123966942,0.22579321133412042
65000,0.39170310598111224,8.557187827911856e-06,0.13026501770956317,0.1605974025974026
66000,0.364993111227702,1.5220356768100736e-05,0.08175413223140496,0.18729742621015347
67000,0.3619001836306401,1.3111227701993703e-05,0.06995406139315231,0.2204568240850059
68000,0.38691003147953823,2.859916054564533e-05,0.10084998819362458,0.20392193624557262
69000,0.3694625865687303,1.6259181532004196e-05,0.09030807556080282,0.2219889138134593
70000,0.3686530220356768,2.7801678908709345e-05,0.09276414403778042,0.20343951593860685
71000,0.37822739244491077,1.7570828961175236e-05,0.070493813459268,0.23928644628099174
72000,0.390906222455404,1.4233997901364114e-05,0.1205785123966942,0.22387318772136952
73000,0.372684575026233,1.858866736621196e-05,0.13967977567886658,0.1630694451003542
74000,0.3877656243441763,1.5377754459601257e-05,0.1308869657615112,0.16296082644628102
75000,0.37892667890870935,2.2701993704092344e-05,0.08926795749704841,0.20178635182998822
76000,0.35602895068205664,1.9254984260230847e-05,0.10585075560802834,0.2051109681227863
77000,0.36584262854144806,4.488457502623295e-05,0.11896753246753247,0.18337700118063752
78000,0.3793712696747114,2.34102833158447e-05,0.11030728453364817,0.1886545572609209
79000,0.37797427597061906,1.2759706190975864e-05,0.10008429752066116,0.1556353246753247
80000,0.36758490556138507,1.8405036726128016e-05,0.08840048406139317,0.1990752420306966
81000,0.35169068730325287,1.493704092339979e-05,0.08622186540731996,0.18486826446280993
82000,0.37579625393494226,1.7581322140608605e-05,0.10171076741440378,0.2194555608028335
83000,0.3913936411332634,1.9066107030430224e-05,0.09193905548996459,0.1963531523022432
84000,0.37380698321091294,1.2072402938090241e-05,0.08991779220779221,0.18483454545454547
85000,0.36370363064008393,1.4879328436516264e-05,0.09032493506493505,0.17726123966942148
86000,0.38796854144805876,2.1280167890870934e-05,0.13286526564344744,0.16039697756788668
87000,0.3685896956977964,2.3856243441762856e-05,0.09902796930342385,0.19901285714285716
88000,0.3807672560335782,1.866211962224554e-05,0.0894817119244392,0.18311905548996457
89000,0.3833123084994753,1.3420776495278069e-05,0.12492775678866588,0.15563769775678868
90000,0.389457906610703,2.0299055613850995e-05,0.11652334120425029,0.1789437308146399
91000,0.3747936096537251,1.4076600209863588e-05,0.10825252656434474,0.1884070838252656
92000,0.38468980062959074,1.9354669464847848e-05,0.10603736717827626,0.2243556670602125
93000,0.3815427492130115,3.386149003147954e-05,0.09214832349468714,0.16696246753246752
94000,0.39260233997901367,1.5729275970619097e-05,0.08362182998819363,0.2119290554899646
95000,0.3767069779643231,1.6579223504721927e-05,0.11376907910271548,0.15857007083825267
96000,0.366085278069255,3.185729275970619e-05,0.08525328217237309,0.18411950413223135
97000,0.3905801888772298,1.3709338929695696e-05,0.14894996458087367,0.13921938606847695
98000,0.3907395960125918,1.7812172088142708e-05,0.12639689492325856,0.1532948051948052
99000,0.38187350472193077,1.8326337880377757e-05,0.09471556080283353,0.19521835891381342
100000,0.381444853095488,1.7885624344176286e-05,0.08997126328217236,0.21095979929161748
101000,0.38558910807974817,1.7235047219307447e-05,0.11184902007083825,0.17279489964580874
102000,0.3786260388247639,4.0823714585519404e-05,0.1339446989374262,0.14546616292798112
103000,0.3599321563483736,1.787513116474292e-05,0.09163637544273909,0.1713328925619835
104000,0.38578077124868837,1.676810073452256e-05,0.12304926800472255,0.14410903187721372
105000,0.3905896799580273,1.2030430220356768e-05,0.15628219598583235,0.13283883116883116
106000,0.3805020146904512,2.0760755508919204e-05,0.10799681227863045,0.16717540731995278
107000,0.38600792235047215,2.5393494228751314e-05,0.13170648170011806,0.1572638842975207
108000,0.3743517995802728,1.0792235047219309e-05,0.12597558441558443,0.15979727272727276
109000,0.37142873032528856,3.979013641133263e-05,0.1328010153482881,0.16648449822904368
110000,0.387271925498426,6.126442812172088e-05,0.11571038961038961,0.1695968476977568
111000,0.36904037250786986,2.1065057712486885e-05,0.11123782762691854,0.16885172373081467
112000,0.3606711017838405,1.77806925498426e-05,0.12091956316410862,0.155677626918536
113000,0.3843305246589717,1.3536201469045122e-05,0.1426481463990555,0.16333951593860685
114000,0.3917044753410283,3.084994753410283e-05,0.11828657615112162,0.1618945572609209
115000,0.36224265477439666,1.972193074501574e-05,0.10631073199527744,0.17898935064935062
116000,0.37495692549842596,2.9952780692549843e-05,0.09896233766233767,0.16868857142857144
117000,0.3964768625393494,2.454879328436516e-05,0.12402302243211336,0.18985402597402595
118000,0.3718576757607555,2.3620146904512065e-05,0.12512172373081465,0.17195925619834712
119000,0.38322275445960124,1.6783840503672614e-05,0.1268451357733176,0.13079291617473435
120000,0.36990620671563484,2.5466946484784885e-05,0.13326786304604488,0.13133852420306966
121000,0.36583390870933896,2.84102833158447e-05,0.1125383707201889,0.17136664698937426
122000,0.38370569254984255,1.8840503672612806e-05,0.11759648170011806,0.20549335301062574
123000,0.3932945225603358,1.761280167890871e-05,0.13384677685950414,0.13415859504132233
124000,0.3809174763903463,1.2654774396642182e-05,0.15126652892561984,0.14010114521841796
125000,0.3789282109129067,2.275445960125918e-05,0.10267373081463992,0.18176362455726092
126000,0.3594646904512067,2.1836306400839456e-05,0.1295807438016529,0.16009841794569069
127000,0.38148448583420774,3.3079748163693595e-05,0.13411017709563167,0.1462679574970484
128000,0.37898592339979015,2.2371458551941237e-05,0.1071814639905549,0.1807191145218418
129000,0.3740346956977964,4.528856243441763e-05,0.09666481700118064,0.1786032113341204
130000,0.39574841028331587,2.092864637985309e-05,0.11293070838252654,0.1567228689492326
131000,0.3640595540398741,1.9679958027282267e-05,0.11671166469893741,0.13613600944510035
132000,0.37120624868835256,3.283315844700944e-05,0.11999611570247933,0.17688332939787485
133000,0.3786212119622246,1.5e-05,0.13508952774498229,0.15294262101534828
134000,0.37921958551941237,2.0230849947534105e-05,0.1725041440377804,0.1343357969303424
135000,0.3931776495278069,2.4186778593913956e-05,0.14507429752066117,0.1522745808736718
136000,0.3620092497376705,2.0608604407135363e-05,0.14886112160566703,0.1110890318772137
137000,0.37810334207764956,1.790136411332634e-05,0.11377334120425028,0.14610440377804015
138000,0.3810192392444911,2.7088142707240297e-05,0.15606744982290438,0.1536679574970484
139000,0.3860131374606506,3.879328436516265e-05,0.12482351829988193,0.14955025974025973
140000,0.3730326390346275,2.4113326337880375e-05,0.0907011334120425,0.19251198347107437
141000,0.37544570304302205,6.202518363064008e-05,0.13913297520661158,0.13502139315230224
142000,0.3663023399790137,5.2072402938090234e-05,0.10773364817001183,0.1650729279811098
143000,0.3787217733473242,4.1736621196222453e-05,0.1566928925619835,0.12298881936245572
144000,0.37787874606505767,2.768625393494229e-05,0.13116811097992917,0.11568288075560801
145000,0.3627955141657923,4.426547743966422e-05,0.093482266824085,0.17086781582054306
146000,0.37223324763903465,3.340503672612802e-05,0.10072674144037781,0.17008728453364816
147000,0.3854572875131165,1.772822665267576e-05,0.14370719008264463,0.18212073199527745
148000,0.38730464847848894,2.6684155299055615e-05,0.11634672963400236,0.18319749704840613
149000,0.36554917103882484,2.0928646379853095e-05,0.11537714285714286,0.1585142148760331
150000,0.37890458551941236,2.354669464847849e-05,0.12529923258559622,0.16639277449822903
151000,0.36920966946484784,9.995278069254984e-05,0.1090123494687131,0.19804985832349467
152000,0.3741060335781742,1.5960125918153203e-05,0.13786530106257378,0.1662294451003542
153000,0.4010875236096537,3.247639034627492e-05,0.1273933175914994,0.17736449822904368
154000,0.36731409758656874,1.6631689401888773e-05,0.1122196694214876,0.14422815820543092
155000,0.37427241343126966,2.356243441762854e-05,0.1152715230224321,0.1561654899645809
156000,0.3684922927597062,2.8284365162644282e-05,0.08484042502951593,0.20068548996458088
157000,0.3748418782791185,2.3352570828961176e-05,0.10694043683589136,0.1840593388429752
158000,0.3878385466946485,1.9249737670514165e-05,0.13347262101534826,0.16842734356552538
159000,0.38444589192025186,8.634837355718782e-05,0.1064610743801653,0.1886891971664699
160000,0.3649779695697796,4.778069254984261e-05,0.08459976387249116,0.2005734828807556
161000,0.3749017733473242,2.2240293809024138e-05,0.08683606847697757,0.20436925619834712
162000,0.3772494491080798,2.1306400839454354e-05,0.07128446280991736,0.21145534828807558
163000,0.36670089716684157,1.5802728226652678e-05,0.11886704840613932,0.17448360094451004
164000,0.36024239244491085,1.8226652675760756e-05,0.10211952774498229,0.17999353010625738
165000,0.37238427072402935,1.9816369359916057e-05,0.10154462809917354,0.20234324675324675
166000,0.37752786988457504,1.9874081846799578e-05,0.14371833530106257,0.13288565525383708
167000,0.36439938614900313,1.8551941238195172e-05,0.14690327036599765,0.13141476977567887
168000,0.36590704092339976,2.5939139559286464e-05,0.1118019008264463,0.1742968476977568
169000,0.3663761542497377,5.3153200419727185e-05,0.10295847697756788,0.224455678866588
170000,0.360831463798531,1.7869884575026232e-05,0.1213232349468713,0.15286474616292797
171000,0.36197476915005244,1.7885624344176286e-05,0.10321716646989375,0.16527416765053127
172000,0.3849719727177335,1.93704092339979e-05,0.1271862455726092,0.15752872491145217
173000,0.3893951731374607,1.9916054564533054e-05,0.10362256198347108,0.18138564344746164
174000,0.3726746222455404,2.065582371458552e-05,0.09260603305785124,0.20251192443919716
175000,0.3815941500524659,1.6715634837355717e-05,0.11157938606847698,0.16874801652892563
176000,0.3885136935991605,1.366211962224554e-05,0.10157877213695396,0.16550769775678867
177000,0.37024512591815323,1.5110178384050367e-05,0.10745639905548995,0.2018345572609209
178000,0.3903240293809024,1.675236096537251e-05,0.12240615112160566,0.16661523022432112
179000,0.36618516264428125,2.128541448058762e-05,0.08584922077922079,0.23865465171192443
180000,0.38478803777544596,1.9643231899265478e-05,0.09074031877213695,0.20416923258559622
181000,0.3729618992654774,1.6038824763903462e-05,0.11251632821723731,0.19228572609208974
182000,0.384988184679958,1.7502623294858342e-05,0.08565775678866588,0.210908559622196
183000,0.38007502098635887,1.5786988457502624e-05,0.12778101534828806,0.16014445100354194
184000,0.38755350472193073,2.681532004197272e-05,0.12215569067296339,0.18598054309327033
185000,0.3638485414480588,1.6117523609653725e-05,0.11089126328217239,0.17295736717827626
186000,0.3659692917103882,1.6343126967471143e-05,0.130776906729634,0.16082129870129871
187000,0.3565485834207765,2.1526757607555094e-05,0.08617034238488783,0.18600616292798108
188000,0.35381097061909755,1.9249737670514165e-05,0.08817663518299881,0.20631489964580874
189000,0.36692963798530953,2.3147953830010493e-05,0.14258473435655253,0.1379272136953955
190000,0.37213209863588664,2.4564533053515215e-05,0.1088260212514758,0.19464083825265643
191000,0.36198473767051415,2.1117523609653724e-05,0.10756904368358913,0.15548251475796931
192000,0.37994391920251835,1.703043022035677e-05,0.1012572963400236,0.17981501770956315
193000,0.36306737145855195,1.5954879328436515e-05,0.10267467532467534,0.2247560684769776
194000,0.37563192025183634,1.4066107030430221e-05,0.10094540731995277,0.19571100354191265
195000,0.36144558761804824,2.3100734522560335e-05,0.08427460448642267,0.2118807674144038
196000,0.38194028331584473,2.8635886673662118e-05,0.10734155844155845,0.19327025974025971
197000,0.37885904512067153,2.2056663168940193e-05,0.09904741440377805,0.23385426210153484
198000,0.3674353567681007,2.356243441762854e-05,0.08193090909090908,0.22667489964580873
199000,0.37452209863588665,1.7135362014690453e-05,0.11625533648170011,0.1774349232585596
200000,0.39346668415529906,1.9643231899265475e-05,0.09700060212514758,0.2238529279811098
201000,0.3702926600209864,2.1327387198321092e-05,0.1056355017709563,0.18067782762691853
202000,0.3736800944386149,1.8373557187827908e-05,0.10919023612750885,0.17696539551357737
203000,0.37351065582371457,1.4559286463798531e-05,0.09691471074380165,0.20584283353010627
204000,0.3771765949632739,1.7848898216159497e-05,0.08471302243211333,0.20075495867768597
205000,0.3741495015739769,1.6295907660020988e-05,0.10517881936245572,0.18074799291617472
206000,0.36298646904512066,1.7549842602308497e-05,0.10038906729634002,0.20028016528925618
207000,0.36672128016789085,2.4055613850996854e-05,0.10188233766233767,0.165581652892562
208000,0.3632613378803778,2.9753410283315844e-05,0.11039518299881936,0.18219386068476975
209000,0.37074283840503675,2.566107030430221e-05,0.11661179456906731,0.18959443919716648
210000,0.3857024763903463,1.869884575026233e-05,0.12355582054309328,0.19478905548996459
211000,0.3752895330535152,1.8604407135362015e-05,0.10698208972845337,0.22350518299881936
212000,0.3859581164742917,2.260230849947534e-05,0.11218439197166472,0.16487375442739077
213000,0.3756815792235047,1.5094438614900317e-05,0.13244608028335303,0.16027205430932703
214000,0.3707148583420776,1.6017838405036727e-05,0.12680773317591498,0.17633677685950416
215000,0.3876255456453305,2.1379853095487935e-05,0.12059943329397874,0.2141749940968123
216000,0.36625864113326334,2.6878279118572926e-05,0.10562007083825266,0.18830298701298703
217000,0.3704261070304302,2.1589716684155296e-05,0.1147359976387249,0.18144737898465169
218000,0.3812401573976915,2.088667366211962e-05,0.10626302243211336,0.21958997638724911
219000,0.377364758656873,1.680482686253935e-05,0.09771233766233765,0.17135250295159385
220000,0.3510780115424974,1.876180482686254e-05,0.08853251475796932,0.2123190554899646
221000,0.3791859233997902,2.7093389296956982e-05,0.09076452184179457,0.21733218417945688
222000,0.3781193966421826,1.7644281217208814e-05,0.0861064344746163,0.2154967178276269
223000,0.35863048268625397,2.4821615949632738e-05,0.0651151948051948,0.2440951357733176
224000,0.3683302728226653,2.094438614900315e-05,0.09448311688311689,0.21297547815820544
225000,0.37914917628541445,2.8090241343126968e-05,0.06800110979929162,0.23357618654073198
226000,0.3886508656873033,2.9233997901364117e-05,0.11717817001180637,0.23038635182998818
227000,0.3842983368310598,2.1699895068205666e-05,0.11744154663518301,0.20646731995277448
228000,0.37491318992654776,2.2581322140608605e-05,0.0894008028335301,0.2511534828807556
229000,0.3870377701993704,1.8987408184679958e-05,0.1457371782762692,0.17223292798110978
230000,0.3625927124868835,2.4847848898216164e-05,0.09805384887839433,0.21321074380165286
231000,0.3880619569779643,2.7917103882476386e-05,0.10607495867768595,0.19417200708382526
232000,0.3741515687303253,2.344176285414481e-05,0.09291943329397877,0.22801454545454541
233000,0.3766851364113326,1.9858342077649527e-05,0.09721570247933885,0.22847749704840614
234000,0.3781970199370409,1.8452256033578177e-05,0.11209440377804014,0.19375720188902007
235000,0.37874092339979015,1.675236096537251e-05,0.11700145218417946,0.194337012987013
236000,0.3915068940188877,2.677859391395593e-05,0.09992033057851239,0.20969338842975205
237000,0.3836028751311647,2.5933892969569776e-05,0.10066706021251476,0.21155642266824085
238000,0.3669993284365163,3.3384050367261276e-05,0.10463753246753248,0.1807015702479339
239000,0.3689525970619097,2.1469045120671567e-05,0.08955962219598583,0.22094103896103898
240000,0.3703070409233998,2.3903462749213014e-05,0.10240811097992915,0.23304451003541912
241000,0.3698301626442812,7.538300104931795e-05,0.07099587957497049,0.28438430932703657
242000,0.35849385099685205,3.222455403987408e-05,0.07978462809917355,0.24186184179456907
243000,0.36460689401888774,2.5755508919202515e-05,0.08669256198347106,0.2350924911452184
244000,0.3745668467995803,2.7140608604407133e-05,0.08449979929161747,0.24348891381345925
245000,0.3696291343126967,2.0550891920251836e-05,0.09232482880755608,0.22872174734356554
246000,0.38100869359916056,1.4737670514165791e-05,0.10366940968122787,0.2075846989374262
247000,0.36983718258132214,2.3174186778593916e-05,0.09818338842975206,0.18912152302243213
248000,0.3742900419727177,1.988982161594963e-05,0.09922403778040143,0.270111015348288
249000,0.379528184679958,1.9690451206715636e-05,0.08546587957497048,0.20247879574970484
250000,0.3743328856243442,2.7712486883525706e-05,0.09145119244391971,0.22295696576151122
251000,0.37127720881427073,3.333683105981113e-05,0.087518453364817,0.2218104958677686
252000,0.3757469937040923,2.0650577124868834e-05,0.08985323494687132,0.222536186540732
253000,0.38649052465897166,3.9092339979013635e-05,0.08077834710743803,0.23868719008264463
254000,0.3874736201469045,3.92077649527807e-05,0.08295224321133411,0.2648220425029516
255000,0.38416367261280165,7.240818467995804e-05,0.07146695395513578,0.24355114521841795
256000,0.3716663168940189,5.004197271773348e-05,0.09610343565525384,0.18551218417945692
257000,0.3734522770199371,2.6951731374606504e-05,0.09753619834710743,0.2268570956316411
258000,0.3686836988457502,2.4092339979013647e-05,0.11595064935064935,0.18695972845336484
259000,0.3844730010493179,2.0141657922350473e-05,0.12757170011806376,0.19036172373081464
260000,0.36294167366211966,4.0430220356768095e-05,0.08875906729634003,0.2172198347107438
261000,0.3824705613850997,2.8436516264428123e-05,0.13186782762691854,0.18436172373081464
262000,0.3887711227701994,3.5634837355718785e-05,0.114875360094451,0.18800749704840616
263000,0.37906939664218264,2.16894018887723e-05,0.11352720188902007,0.21003224321133412
264000,0.3915717103882476,2.5419727177334734e-05,0.10210419126328217,0.21995407319952776
265000,0.39149889821615946,1.8158447009443862e-05,0.07168663518299882,0.23587885478158205
266000,0.382644333683106,1.7759706190975865e-05,0.11515389610389609,0.21680652892561983
267000,0.3709839506820567,2.853095487932844e-05,0.08935425029515938,0.22289696576151122
268000,0.373399795383001,2.3961175236096538e-05,0.0981080637544274,0.20810100354191263
269000,0.37855795383001045,2.609653725078699e-05,0.11140070838252655,0.23004373081463989
270000,0.380357759706191,2.3300104931794333e-05,0.12892040141676506,0.1720179929161747
271000,0.38652463273871984,2.0566631689401883e-05,0.13210694214876034,0.18111285714285716
272000,0.36924388772298,2.6610703043022037e-05,0.10292371900826446,0.21737161747343567
273000,0.38329613326337886,1.9900314795383e-05,0.09726108618654075,0.20505499409681227
274000,0.36633769150052464,2.2161594963273872e-05,0.08250628099173554,0.23920413223140494
275000,0.37682492130115425,2.708289611752361e-05,0.11279951593860685,0.23527015348288075
276000,0.3711673399790137,2.5419727177334734e-05,0.10227804014167652,0.2408923140495868
277000,0.37643058237145854,1.7355718782791183e-05,0.09222370720188902,0.24456785123966945
278000,0.3766886673662119,2.402938090241343e-05,0.09344192443919716,0.22752430932703663
279000,0.38185383001049317,2.676810073452256e-05,0.1173110271546635,0.19761191263282174
280000,0.3679692392444911,2.7339979013641135e-05,0.11013822904368359,0.18473894923258558
281000,0.37304929695697797,3.052465897166842e-05,0.0968212396694215,0.2408969893742621
282000,0.3817024554039874,3.531479538300105e-05,0.08506449822904368,0.2326557497048406
283000,0.3805018467995802,3.0792235047219304e-05,0.08871537190082644,0.23812948051948052
284000,0.38443297481636934,2.107555089192025e-05,0.11862868949232586,0.21316142857142859
285000,0.36557346799580276,3.9391395592864635e-05,0.07978808736717828,0.24531170011806372
286000,0.3792055561385099,3.231374606505771e-05,0.09690808736717829,0.20891937426210155
287000,0.36895121720881424,2.4380902413431267e-05,0.09263972845336482,0.22582309327036598
288000,0.3700323347324239,3.4942287513116476e-05,0.0811147225501771,0.23056061393152302
289000,0.36891986883525707,2.7413431269674713e-05,0.09706269185360095,0.22119279811097994
290000,0.3773884837355719,3.7439664218258125e-05,0.10124905548996457,0.20621250295159385
291000,0.39015231374606507,3.9391395592864635e-05,0.10119826446280991,0.21750356552538372
292000,0.38211059811122766,3.343651626442812e-05,0.1013497520661157,0.23305429752066117
293000,0.36950820041972715,3.8305351521511017e-05,0.08676780401416764,0.2593149468713105
294000,0.3872316579223505,2.5645330535152152e-05,0.10026316410861866,0.19408501770956318
295000,0.3759686201469045,2.414480587618048e-05,0.0956281227863046,0.196447012987013
296000,0.37506387198321095,2.352046169989507e-05,0.1474744155844156,0.15622857142857144
297000,0.37466352570828965,2.8064008394543545e-05,0.10742506493506493,0.1840377685950413
298000,0.383782555089192,2.743441762854144e-05,0.10548336481700117,0.21120759149940968
299000,0.36659054564533056,2.2481636935991604e-05,0.09657095631641087,0.21318821723730816
300000,0.37175888772298,2.8147953830010496e-05,0.09175829988193625,0.22543832349468712
301000,0.35863840503672617,4.243441762854145e-05,0.06978053128689493,0.2481345572609209
302000,0.370641610703043,3.056138509968521e-05,0.09380304604486422,0.1932184061393152
303000,0.3880281899265478,3.0267576075550896e-05,0.09745404958677685,0.2519781463990555
304000,0.37844136411332635,3.224029380902413e-05,0.09277161747343567,0.247916800472255
305000,0.35954571353620146,2.4753410283315844e-05,0.0806180401416765,0.2270742739079103
306000,0.3746894228751312,3.120146904512068e-05,0.09232081463990555,0.22858187721369538
307000,0.37431476915005246,3.193599160545645e-05,0.08101599763872493,0.2517704722550177
308000,0.38155846274921296,2.8562434417628543e-05,0.11892066115702478,0.2231902479338843
309000,0.3884011122770199,1.8263378803777545e-05,0.12642362455726092,0.20700567886658797
310000,0.3864884575026233,3.101259181532004e-05,0.09994479338842976,0.23389681227863043
311000,0.37943537775445957,2.5188877229800627e-05,0.0985966587957497,0.23187421487603302
312000,0.37729137460650575,2.4275970619097585e-05,0.07448459268004723,0.26222963400236127
313000,0.38772594963273876,3.5041972717733474e-05,0.10713569067296341,0.23813016528925618
314000,0.3782741710388247,9.31794333683106e-05,0.11027345926800473,0.24264953955135773
315000,0.3766459496327387,3.911332633788038e-05,0.10524916174734357,0.19615990554899648
316000,0.3726126390346275,2.5907660020986363e-05,0.08288396694214877,0.23834539551357736
317000,0.36987718258132213,2.556663168940189e-05,0.08657972845336483,0.23296399055489964
318000,0.37421077649527806,3.8677859391395594e-05,0.08756617473435654,0.2504856906729634
319000,0.36338634837355716,5.5529905561385105e-05,0.08896258559622197,0.2793942739079103
320000,0.37874229800629594,2.6878279118572926e-05,0.09064670602125148,0.24290436835891382
321000,0.38684781741867785,4.608604407135362e-05,0.10632495867768596,0.23258114521841797
322000,0.3817730482686254,3.296956977964323e-05,0.09872769775678866,0.2234227154663518
323000,0.36908482686253935,4.9527806925498434e-05,0.07457295159386068,0.24174667060212515
324000,0.3730996379853095,7.860440713536201e-05,0.08243386068476977,0.250667839433294
325000,0.3781337460650578,3.290661070304302e-05,0.1015698583234947,0.2125917473435655
326000,0.3819363588667366,3.21825813221406e-05,0.10483766233766234,0.2619121015348288
327000,0.372510445960126,3.116474291710389e-05,0.09914670602125147,0.25047909090909093
328000,0.38497251311647424,1.832109129066107e-05,0.11987677685950412,0.22330839433293975
329000,0.3775665582371459,2.4139559286463795e-05,0.1029235655253837,0.21851443919716645
330000,0.3870274554039874,2.572402938090241e-05,0.1320382290436836,0.1848182644628099
331000,0.37673854669464846,4.037250786988457e-05,0.09633094451003542,0.24150834710743802
332000,0.371930036726128,2.9879328436516265e-05,0.10049920897284534,0.2127285478158205
333000,0.3765506558237146,2.8121720881427076e-05,0.09481775678866587,0.2537274262101535
334000,0.3778104931794334,3.471668415529906e-05,0.10209547815820544,0.22954331759149937
335000,0.37031857292759707,2.0676810073452257e-05,0.0859529279811098,0.22837362455726096
336000,0.3820267523609654,1.948058761804827e-05,0.09824515938606848,0.24079362455726092
337000,0.37244973242392443,2.289611752360965e-05,0.08757625737898464,0.2551842384887839
338000,0.3744588090241343,2.1642182581322146e-05,0.1066348878394333,0.21830103896103897
339000,0.3852010283315845,3.8982161594963275e-05,0.10559197166469893,0.21707636363636362
340000,0.37565011017838407,2.4302203567681008e-05,0.0809388429752066,0.2462578984651712
341000,0.37589851521511025,2.8263378803777544e-05,0.0843037544273908,0.23335428571428568
342000,0.3684674134312697,2.6269674711437564e-05,0.1120421841794569,0.206701546635183
343000,0.3797505036726128,2.318467995802728e-05,0.10528621015348288,0.21322881936245572
344000,0.37962504197271774,2.4842602308499476e-05,0.08998172373081463,0.24043428571428568
345000,0.38022323189926543,2.4349422875131166e-05,0.08353434474616293,0.24019844155844156
346000,0.3752268992654774,2.419202518363064e-05,0.08203697756788667,0.21950086186540732
347000,0.36664174711437564,3.537250786988458e-05,0.08400271546635184,0.22294507674144037
348000,0.38594474816369356,2.6301154249737672e-05,0.10802885478158206,0.23248815820543095
349000,0.373667481636936,2.6873032528856245e-05,0.08987769775678868,0.24280136953955136
350000,0.3674087145855194,1.929171038824764e-05,0.11540234946871311,0.20477617473435658
351000,0.37751454879328433,2.520461699895068e-05,0.10702656434474617,0.21386615112160567
352000,0.3805315424973767,2.6059811122770203e-05,0.10498120425029515,0.2204461393152302
353000,0.3812778646379853,2.088142707240294e-05,0.099631652892562,0.21247409681227863
354000,0.3699791867785939,2.3730325288562435e-05,0.0893803305785124,0.251412774498229
355000,0.3757026652675761,2.3588667366211964e-05,0.10628990554899645,0.1952771310507674
356000,0.3833987827911858,2.4590766002098638e-05,0.10451077922077921,0.2315150295159386
357000,0.37747603882476394,2.948058761804827e-05,0.08593848878394332,0.26576301062573787
358000,0.37128814795383003,2.568205666316894e-05,0.08287844155844155,0.26948873671782764
359000,0.37377319517313745,4.079748163693599e-05,0.07303282172373081,0.27600362455726096
360000,0.37970557187827914,2.045120671563484e-05,0.09700335301062575,0.25248136953955136
361000,0.3867641290661071,2.142707240293809e-05,0.10977089728453363,0.21320508854781584
362000,0.36975548268625397,2.6878279118572926e-05,0.08749062573789845,0.22824370720188902
363000,0.37785477439664217,2.741343126967471e-05,0.10178868949232586,0.22775741440377803
364000,0.37139380377754466,2.2476390346274922e-05,0.09959719008264462,0.22755100354191266
365000,0.3881979275970619,2.75498426023085e-05,0.09405595041322315,0.2562748760330579
366000,0.37733209338929696,2.45697796432319e-05,0.10859499409681228,0.20029225501770956
367000,0.39007880377754456,3.107030430220357e-05,0.10528961038961039,0.21865367178276268
368000,0.38227078174186774,2.2177334732423923e-05,0.09178249114521841,0.2194381818181818
369000,0.3827841500524659,2.750786988457503e-05,0.10339271546635183,0.2333120661157025
370000,0.37101222455403987,2.7423924449108082e-05,0.09469365997638725,0.23481613931523024
371000,0.38892064008394545,2.5603357817418675e-05,0.09490617473435656,0.24782510035419125
372000,0.3693516579223504,2.3310598111227706e-05,0.10068896103896102,0.21408726092089728
373000,0.3851917208814271,2.6657922350472192e-05,0.10300631641086186,0.2207934238488784
374000,0.36956257082896116,2.5855194123819516e-05,0.09229680047225501,0.22590467532467534
375000,0.38198477439664213,2.8992654774396642e-05,0.09163825265643447,0.2371244510035419
376000,0.38005368310598114,2.758656873032529e-05,0.09883741440377804,0.2225984061393152
377000,0.37617573452256037,2.257607555089192e-05,0.08956782762691853,0.2511089020070838
378000,0.3896354197271773,2.4632738719832105e-05,0.10050317591499411,0.2313173199527745
379000,0.37636753934942285,2.6421825813221405e-05,0.08809280991735537,0.24328230224321135
380000,0.3753449842602309,2.126442812172088e-05,0.10046211334120425,0.2289970484061393
381000,0.37844572402938087,2.535676810073452e-05,0.09971166469893743,0.23391706021251474
382000,0.3810555036726128,2.613326337880378e-05,0.09552428571428573,0.2504803896103896
383000,0.3784030587618048,2.237145855194124e-05,0.09542930342384888,0.23632005903187722
384000,0.37996519937040923,2.481112277019937e-05,0.10391842975206611,0.2171588902007084
385000,0.37251552990556136,2.2539349422875128e-05,0.0892021251475797,0.22270211334120427
386000,0.38116546169989507,1.992654774396642e-05,0.09992085005903187,0.22476316410861863
387000,0.3773939087093389,2.3966421825813226e-05,0.10392748524203069,0.2322155608028335
388000,0.3706314060860441,2.4197271773347322e-05,0.10060586776859505,0.23280145218417944
389000,0.3736553830010493,2.262854144805876e-05,0.09692310507674146,0.24228094451003543
390000,0.3748251783840504,2.440713536201469e-05,0.10219498229043684,0.2436000826446281
391000,0.37834222980062965,2.4664218258132216e-05,0.09288799291617474,0.2372159622195986
392000,0.3796944018887723,2.8111227701993697e-05,0.09709120425029516,0.24031517119244394
393000,0.3780783001049318,3.0073452256033575e-05,0.0917203896103896,0.23888753246753247
394000,0.3771631951731374,2.8798530954879324e-05,0.09557043683589138,0.24115270365997638
395000,0.37375046169989506,2.5272822665267578e-05,0.09477524203069658,0.23794532467532467
396000,0.3802955246589717,2.978488982161594e-05,0.09361512396694216,0.24088277449822906
397000,0.3768481059811123,2.568205666316894e-05,0.09116874852420308,0.24299860684769775
398000,0.3730888824763904,2.6883525708289617e-05,0.08485105076741441,0.2498802479338843
399000,0.37937399790136406,2.5036726128016787e-05,0.0912106611570248,0.24232753246753244
400000,0.37649733997901363,2.604931794333683e-05,0.09006998819362455,0.24460283353010626
