Checkpoint,reciprocal_police,substance_police
50,1.0,1.0
60,1.0,1.0
70,1.0,1.0
80,1.0,1.0
90,1.0,1.0
100,1.0,1.0
150,1.0,1.0
200,0.9963636363636363,0.9930394431554525
250,0.9836363636363636,0.9837587006960556
300,0.9563636363636364,0.9791183294663574
350,0.9236363636363636,0.9466357308584686
400,0.8163636363636364,0.7911832946635731
450,0.9145454545454546,0.9118329466357309
500,0.9090909090909091,0.8909512761020881
550,0.8909090909090909,0.8607888631090487
600,0.9290909090909091,0.8793503480278422
650,0.9036363636363637,0.839907192575406
700,0.86,0.740139211136891
750,0.8945454545454545,0.8654292343387471
800,0.8945454545454545,0.7470997679814385
850,0.8345454545454546,0.7378190255220418
900,0.8909090909090909,0.8468677494199536
950,0.8381818181818181,0.7842227378190255
1000,0.8236363636363636,0.7308584686774942
1050,0.8490909090909091,0.8120649651972158
1100,0.84,0.7633410672853829
1150,0.850909090909091,0.7099767981438515
1200,0.8818181818181818,0.7888631090487239
1250,0.769090909090909,0.617169373549884
1300,0.8618181818181818,0.7262180974477959
1350,0.8945454545454545,0.7795823665893271
1400,0.8836363636363637,0.7819025522041764
1450,0.86,0.7192575406032483
1500,0.8290909090909091,0.6218097447795824
1550,0.7872727272727272,0.617169373549884
1600,0.850909090909091,0.6566125290023201
1650,0.8381818181818181,0.7447795823665894
1700,0.7654545454545455,0.7726218097447796
1750,0.8127272727272727,0.7146171693735499
1800,0.7927272727272727,0.5939675174013921
1850,0.8709090909090909,0.7262180974477959
1900,0.8581818181818182,0.6566125290023201
1950,0.86,0.691415313225058
2000,0.8090909090909091,0.6566125290023201
2100,0.8527272727272728,0.6728538283062645
2200,0.8927272727272727,0.7308584686774942
2300,0.8290909090909091,0.5591647331786543
2400,0.8181818181818182,0.6264501160092807
2500,0.8109090909090909,0.5754060324825986
2600,0.8709090909090909,0.7354988399071926
2700,0.8309090909090909,0.691415313225058
2800,0.8818181818181818,0.6844547563805105
2900,0.850909090909091,0.6983758700696056
3000,0.8545454545454545,0.6102088167053364
3100,0.8636363636363636,0.6566125290023201
3200,0.7581818181818182,0.531322505800464
3300,0.8054545454545454,0.5127610208816705
3400,0.8181818181818182,0.605568445475638
3500,0.8454545454545455,0.6519721577726219
3600,0.8581818181818182,0.6519721577726219
3700,0.78,0.5591647331786543
3800,0.7981818181818182,0.5359628770301624
3900,0.8109090909090909,0.505800464037123
4000,0.8145454545454546,0.5614849187935035
4100,0.8,0.45011600928074247
4200,0.8163636363636364,0.5104408352668214
4300,0.8163636363636364,0.5150812064965197
4400,0.8290909090909091,0.5707656612529002
4500,0.8036363636363636,0.5127610208816705
4600,0.769090909090909,0.4779582366589327
4700,0.7963636363636364,0.5220417633410673
4800,0.7236363636363636,0.4733178654292343
4900,0.7763636363636364,0.4617169373549884
5000,0.8363636363636363,0.5939675174013921
5100,0.8345454545454546,0.6102088167053364
5200,0.769090909090909,0.4408352668213457
5300,0.8327272727272728,0.6218097447795824
5400,0.7854545454545454,0.5243619489559165
5500,0.769090909090909,0.4547563805104408
5600,0.8163636363636364,0.580046403712297
5700,0.82,0.5939675174013921
5800,0.7163636363636363,0.4176334106728538
5900,0.7509090909090909,0.4222737819025522
6000,0.8145454545454546,0.5870069605568445
6100,0.82,0.5962877030162413
6200,0.7709090909090909,0.37122969837587005
6300,0.7636363636363637,0.4385150812064965
6400,1.0,1.0
6500,0.7272727272727273,0.6218097447795824
6600,0.8309090909090909,0.5127610208816705
6700,0.7981818181818182,0.4408352668213457
6800,0.7636363636363637,0.35962877030162416
6900,0.7618181818181818,0.3874709976798144
7000,0.7872727272727272,0.4965197215777262
7100,0.74,0.4222737819025522
7200,0.7072727272727273,0.4037122969837587
7300,0.7745454545454545,0.39443155452436196
7400,0.76,0.38979118329466356
7500,0.8090909090909091,0.46403712296983757
7600,0.7763636363636364,0.45011600928074247
7700,0.7563636363636363,0.4245939675174014
7800,0.7472727272727273,0.3990719257540603
7900,0.7781818181818182,0.45011600928074247
8000,0.7509090909090909,0.382830626450116
8100,0.7581818181818182,0.4617169373549884
8200,0.769090909090909,0.4918793503480278
8300,0.7272727272727273,0.382830626450116
8400,0.7890909090909091,0.5290023201856149
8500,0.7727272727272727,0.5104408352668214
8600,0.7618181818181818,0.48491879350348027
8700,0.7618181818181818,0.5011600928074246
8800,0.78,0.5174013921113689
8900,0.7236363636363636,0.382830626450116
9000,0.7272727272727273,0.39675174013921116
9100,0.7236363636363636,0.33642691415313225
9200,0.7163636363636363,0.4617169373549884
9300,0.8018181818181818,0.46635730858468677
9400,0.7363636363636363,0.4060324825986079
9500,0.76,0.5359628770301624
9600,0.7818181818181819,0.5568445475638051
9700,0.7563636363636363,0.4431554524361949
9800,0.7490909090909091,0.4037122969837587
9900,0.7745454545454545,0.38979118329466356
10000,0.7490909090909091,0.3874709976798144
10100,0.7272727272727273,0.39675174013921116
10200,0.7272727272727273,0.3851508120649652
10300,0.7218181818181818,0.4060324825986079
10400,0.7545454545454545,0.3642691415313225
10500,0.7272727272727273,0.35730858468677495
10600,0.76,0.41067285382830626
10700,0.76,0.4617169373549884
10800,0.74,0.4245939675174014
10900,0.7872727272727272,0.5081206496519721
11000,0.7254545454545455,0.34106728538283065
11100,0.76,0.382830626450116
11200,0.7418181818181818,0.4037122969837587
11300,0.7527272727272727,0.4756380510440835
11400,0.7327272727272728,0.41299303944315546
11500,0.7654545454545455,0.494199535962877
11600,0.7254545454545455,0.42691415313225056
11700,0.7181818181818181,0.4037122969837587
11800,0.8763636363636363,0.6496519721577726
11900,0.7254545454545455,0.3689095127610209
12000,0.7072727272727273,0.41299303944315546
12100,0.74,0.5081206496519721
12200,0.7454545454545455,0.494199535962877
12300,0.7618181818181818,0.39211136890951276
12400,0.7127272727272728,0.39443155452436196
12500,0.7363636363636363,0.42691415313225056
12600,0.769090909090909,0.43155452436194897
12700,0.7527272727272727,0.43155452436194897
12800,0.7054545454545454,0.37819025522041766
12900,0.7345454545454545,0.43155452436194897
13000,0.7418181818181818,0.4709976798143852
13100,0.7472727272727273,0.44547563805104406
13200,0.7363636363636363,0.45011600928074247
13300,0.7109090909090909,0.39443155452436196
13400,0.74,0.4547563805104408
13500,0.7072727272727273,0.3665893271461717
13600,0.7163636363636363,0.40835266821345706
13700,0.6836363636363636,0.38979118329466356
13800,0.7181818181818181,0.3805104408352668
13900,0.7072727272727273,0.42691415313225056
14000,0.7418181818181818,0.44779582366589327
14100,0.6927272727272727,0.4176334106728538
14200,0.7345454545454545,0.42923433874709976
14300,0.7618181818181818,0.4593967517401392
14400,0.7072727272727273,0.4176334106728538
14500,0.730909090909091,0.4617169373549884
14600,0.7327272727272728,0.45011600928074247
14700,0.7618181818181818,0.494199535962877
14800,0.7472727272727273,0.39443155452436196
14900,0.6872727272727273,0.31554524361948955
15000,0.7490909090909091,0.39675174013921116
15100,0.7127272727272728,0.4013921113689095
15200,0.7054545454545454,0.3642691415313225
15300,0.7290909090909091,0.4593967517401392
15400,0.7527272727272727,0.4895591647331787
15500,0.7181818181818181,0.4593967517401392
15600,0.7218181818181818,0.46867749419953597
15700,0.7181818181818181,0.494199535962877
15800,0.7018181818181818,0.4779582366589327
15900,0.7145454545454546,0.42691415313225056
16000,0.7490909090909091,0.4965197215777262
16100,0.7290909090909091,0.44547563805104406
16200,0.6963636363636364,0.43155452436194897
16300,0.7218181818181818,0.4779582366589327
16400,0.72,0.4245939675174014
16500,0.7272727272727273,0.4593967517401392
16600,0.7290909090909091,0.3990719257540603
16700,0.7509090909090909,0.4895591647331787
16800,0.6854545454545454,0.37354988399071926
16900,0.7472727272727273,0.4547563805104408
17000,0.6909090909090909,0.31786542923433875
17100,0.7163636363636363,0.43387470997679817
17200,0.7181818181818181,0.4176334106728538
17300,0.7509090909090909,0.48491879350348027
17400,0.7654545454545455,0.5522041763341067
17500,0.7272727272727273,0.35962877030162416
17600,0.7054545454545454,0.4709976798143852
17700,0.7327272727272728,0.4408352668213457
17800,0.7254545454545455,0.48259860788863107
17900,0.7254545454545455,0.4593967517401392
18000,0.7181818181818181,0.4779582366589327
18100,0.6872727272727273,0.41067285382830626
18200,0.74,0.44547563805104406
18300,0.6854545454545454,0.5081206496519721
18400,0.6781818181818182,0.37122969837587005
18500,0.7090909090909091,0.419953596287703
18600,0.7145454545454546,0.42923433874709976
18700,0.7181818181818181,0.4408352668213457
18800,0.7436363636363637,0.3990719257540603
18900,0.6618181818181819,0.35498839907192575
19000,0.7254545454545455,0.4779582366589327
19100,0.7090909090909091,0.38979118329466356
19200,0.6745454545454546,0.35730858468677495
19300,0.7290909090909091,0.39443155452436196
19400,0.6981818181818182,0.419953596287703
19500,0.7127272727272728,0.35498839907192575
19600,0.6836363636363636,0.37587006960556846
19700,0.7109090909090909,0.41531322505800466
19800,0.7454545454545455,0.41067285382830626
19900,0.7327272727272728,0.3689095127610209
20000,0.6927272727272727,0.33410672853828305
21000,0.74,0.46403712296983757
22000,0.6927272727272727,0.42691415313225056
23000,0.7145454545454546,0.39443155452436196
24000,0.7109090909090909,0.28306264501160094
25000,0.6854545454545454,0.3225058004640371
26000,0.7109090909090909,0.3642691415313225
27000,0.7,0.33642691415313225
28000,0.7236363636363636,0.3851508120649652
29000,0.6854545454545454,0.33874709976798145
30000,0.6945454545454546,0.382830626450116
31000,0.6945454545454546,0.39675174013921116
32000,0.7127272727272728,0.4222737819025522
33000,0.6909090909090909,0.35962877030162416
34000,0.7163636363636363,0.45011600928074247
35000,0.6781818181818182,0.42923433874709976
36000,0.7272727272727273,0.43155452436194897
37000,0.7127272727272728,0.43387470997679817
38000,0.6981818181818182,0.33874709976798145
39000,0.6890909090909091,0.3619489559164733
40000,0.7127272727272728,0.3851508120649652
41000,0.7072727272727273,0.42691415313225056
42000,0.6745454545454546,0.4037122969837587
43000,0.7163636363636363,0.4060324825986079
44000,0.6854545454545454,0.4361948955916473
45000,0.68,0.39675174013921116
46000,0.7236363636363636,0.41067285382830626
47000,0.730909090909091,0.37122969837587005
48000,0.730909090909091,0.4802784222737819
49000,0.6854545454545454,0.4617169373549884
50000,0.6927272727272727,0.35498839907192575
51000,0.6781818181818182,0.3294663573085847
52000,0.68,0.33410672853828305
53000,0.7254545454545455,0.45011600928074247
54000,0.7327272727272728,0.41299303944315546
55000,0.6745454545454546,0.41531322505800466
56000,0.7090909090909091,0.33410672853828305
57000,0.7072727272727273,0.33410672853828305
58000,0.7036363636363636,0.4547563805104408
59000,0.7381818181818182,0.5475638051044084
60000,0.7127272727272728,0.37122969837587005
61000,0.7018181818181818,0.37819025522041766
62000,0.7,0.4245939675174014
63000,0.6963636363636364,0.3480278422273782
64000,0.6890909090909091,0.40835266821345706
65000,0.6836363636363636,0.42923433874709976
66000,0.7109090909090909,0.40835266821345706
67000,0.6727272727272727,0.37587006960556846
68000,0.7036363636363636,0.42691415313225056
69000,0.7145454545454546,0.4431554524361949
70000,0.7018181818181818,0.42923433874709976
71000,0.6836363636363636,0.3689095127610209
72000,0.6763636363636364,0.3665893271461717
73000,0.6909090909090909,0.40835266821345706
74000,0.68,0.42691415313225056
75000,0.6872727272727273,0.41299303944315546
76000,0.6909090909090909,0.4037122969837587
77000,0.6763636363636364,0.4222737819025522
78000,0.7036363636363636,0.3619489559164733
79000,0.6890909090909091,0.4176334106728538
80000,0.7072727272727273,0.38979118329466356
81000,0.6672727272727272,0.3689095127610209
82000,0.7072727272727273,0.4222737819025522
83000,0.7,0.4013921113689095
84000,0.6927272727272727,0.3851508120649652
85000,0.6563636363636364,0.3851508120649652
86000,0.6981818181818182,0.38979118329466356
87000,0.7072727272727273,0.3503480278422274
88000,0.6781818181818182,0.4060324825986079
89000,0.7145454545454546,0.4176334106728538
90000,0.6890909090909091,0.3805104408352668
91000,0.6690909090909091,0.3503480278422274
92000,0.6654545454545454,0.37354988399071926
93000,0.6727272727272727,0.39675174013921116
94000,0.649090909090909,0.3109048723897912
95000,0.6836363636363636,0.39675174013921116
96000,0.6618181818181819,0.41531322505800466
97000,0.6563636363636364,0.37122969837587005
98000,0.6836363636363636,0.39211136890951276
99000,0.6618181818181819,0.3642691415313225
100000,0.6581818181818182,0.40835266821345706
101000,0.7072727272727273,0.3805104408352668
102000,0.6836363636363636,0.44547563805104406
103000,0.649090909090909,0.3039443155452436
104000,0.6636363636363637,0.382830626450116
105000,0.6727272727272727,0.4408352668213457
106000,0.7145454545454546,0.4361948955916473
107000,0.6890909090909091,0.382830626450116
108000,0.6563636363636364,0.3642691415313225
109000,0.6527272727272727,0.33178654292343385
110000,0.6727272727272727,0.3433874709976798
111000,0.7436363636363637,0.4361948955916473
112000,0.6763636363636364,0.3689095127610209
113000,0.7127272727272728,0.39211136890951276
114000,0.6818181818181818,0.35962877030162416
115000,0.6690909090909091,0.31554524361948955
116000,0.6690909090909091,0.31554524361948955
117000,0.6963636363636364,0.35962877030162416
118000,0.6981818181818182,0.41067285382830626
119000,0.6672727272727272,0.39443155452436196
120000,0.68,0.419953596287703
121000,0.6527272727272727,0.4431554524361949
122000,0.68,0.37587006960556846
123000,0.6872727272727273,0.40835266821345706
124000,0.6745454545454546,0.3874709976798144
125000,0.6781818181818182,0.38979118329466356
126000,0.6872727272727273,0.31322505800464034
127000,0.6854545454545454,0.3642691415313225
128000,0.6763636363636364,0.3805104408352668
129000,0.6763636363636364,0.33178654292343385
130000,0.7,0.42691415313225056
131000,0.7,0.42691415313225056
132000,0.6709090909090909,0.37354988399071926
133000,0.6872727272727273,0.382830626450116
134000,0.6690909090909091,0.37354988399071926
135000,0.6745454545454546,0.3225058004640371
136000,0.6945454545454546,0.44779582366589327
137000,0.68,0.3619489559164733
138000,0.7054545454545454,0.32018561484918795
139000,0.6472727272727272,0.35498839907192575
140000,0.6672727272727272,0.35266821345707655
141000,0.6527272727272727,0.3503480278422274
142000,0.6672727272727272,0.35962877030162416
143000,0.6836363636363636,0.39675174013921116
144000,0.6618181818181819,0.3665893271461717
145000,0.6654545454545454,0.4060324825986079
146000,0.6581818181818182,0.3294663573085847
147000,0.7163636363636363,0.4037122969837587
148000,0.6672727272727272,0.37587006960556846
149000,0.6709090909090909,0.39443155452436196
150000,0.6927272727272727,0.38979118329466356
151000,0.68,0.35730858468677495
152000,0.6709090909090909,0.35962877030162416
153000,0.6709090909090909,0.3665893271461717
154000,0.6690909090909091,0.33410672853828305
155000,0.6654545454545454,0.3689095127610209
156000,0.68,0.31322505800464034
157000,0.6890909090909091,0.3874709976798144
158000,0.7036363636363636,0.4037122969837587
159000,0.6472727272727272,0.308584686774942
160000,0.6854545454545454,0.35498839907192575
161000,0.68,0.37587006960556846
162000,0.6618181818181819,0.3433874709976798
163000,0.7090909090909091,0.3248259860788863
164000,0.6727272727272727,0.34106728538283065
165000,0.6836363636363636,0.35266821345707655
166000,0.6818181818181818,0.30162412993039445
167000,0.6836363636363636,0.3480278422273782
168000,0.6509090909090909,0.35266821345707655
169000,0.6709090909090909,0.3805104408352668
170000,0.7090909090909091,0.4408352668213457
171000,0.6672727272727272,0.38979118329466356
172000,0.6727272727272727,0.34106728538283065
173000,0.6563636363636364,0.38979118329466356
174000,0.68,0.4245939675174014
175000,0.6709090909090909,0.3642691415313225
176000,0.68,0.3642691415313225
177000,0.6618181818181819,0.3109048723897912
178000,0.6981818181818182,0.3851508120649652
179000,0.6945454545454546,0.3851508120649652
180000,0.6636363636363637,0.3990719257540603
181000,0.68,0.38979118329466356
182000,0.6727272727272727,0.3503480278422274
183000,0.6690909090909091,0.4013921113689095
184000,0.6945454545454546,0.4013921113689095
185000,0.6872727272727273,0.3665893271461717
186000,0.6218181818181818,0.25986078886310904
187000,0.6636363636363637,0.32018561484918795
188000,0.68,0.45011600928074247
189000,0.6581818181818182,0.3294663573085847
190000,0.6672727272727272,0.35498839907192575
191000,0.6763636363636364,0.29698375870069604
192000,0.6436363636363637,0.3248259860788863
193000,0.6872727272727273,0.3294663573085847
194000,0.6618181818181819,0.33410672853828305
195000,0.6745454545454546,0.37354988399071926
196000,0.6818181818181818,0.3225058004640371
197000,0.6927272727272727,0.35266821345707655
198000,0.6854545454545454,0.3851508120649652
199000,0.6363636363636364,0.26450116009280744
200000,0.6581818181818182,0.3619489559164733
201000,0.6709090909090909,0.35266821345707655
202000,0.6872727272727273,0.41067285382830626
203000,0.6727272727272727,0.3642691415313225
204000,0.6672727272727272,0.4037122969837587
205000,0.6872727272727273,0.40835266821345706
206000,0.6509090909090909,0.32018561484918795
207000,0.6563636363636364,0.27842227378190254
208000,0.6672727272727272,0.37122969837587005
209000,0.6781818181818182,0.39675174013921116
210000,0.6727272727272727,0.38979118329466356
211000,0.6381818181818182,0.308584686774942
212000,0.6563636363636364,0.345707656612529
213000,0.6836363636363636,0.3271461716937355
214000,0.6690909090909091,0.35730858468677495
215000,0.6781818181818182,0.35962877030162416
216000,0.6672727272727272,0.3805104408352668
217000,0.6618181818181819,0.38979118329466356
218000,0.6581818181818182,0.29930394431554525
219000,0.6636363636363637,0.32018561484918795
220000,0.6909090909090909,0.39443155452436196
221000,0.6709090909090909,0.3248259860788863
222000,0.649090909090909,0.34106728538283065
223000,0.6545454545454545,0.3109048723897912
224000,0.6545454545454545,0.4361948955916473
225000,0.6636363636363637,0.3271461716937355
226000,0.6545454545454545,0.25986078886310904
227000,0.6690909090909091,0.31322505800464034
228000,0.649090909090909,0.31322505800464034
229000,0.6836363636363636,0.35498839907192575
230000,0.6472727272727272,0.2482598607888631
231000,0.6472727272727272,0.26218097447795824
232000,0.64,0.28074245939675174
233000,0.6381818181818182,0.26450116009280744
234000,0.6436363636363637,0.29466357308584684
235000,0.6654545454545454,0.271461716937355
236000,0.6290909090909091,0.26218097447795824
237000,0.6618181818181819,0.25754060324825984
238000,0.649090909090909,0.2668213457076566
239000,0.6672727272727272,0.3619489559164733
240000,0.6636363636363637,0.39211136890951276
241000,0.6654545454545454,0.3642691415313225
242000,0.6327272727272727,0.2737819025522042
243000,0.6472727272727272,0.29930394431554525
244000,0.6745454545454546,0.3689095127610209
245000,0.6436363636363637,0.25754060324825984
246000,0.66,0.3225058004640371
247000,0.649090909090909,0.2529002320185615
248000,0.6690909090909091,0.29466357308584684
249000,0.6763636363636364,0.3480278422273782
250000,0.6454545454545455,0.32018561484918795
251000,0.6690909090909091,0.345707656612529
252000,0.6672727272727272,0.33642691415313225
253000,0.6618181818181819,0.31786542923433875
254000,0.649090909090909,0.2691415313225058
255000,0.6290909090909091,0.2853828306264501
256000,0.6290909090909091,0.2529002320185615
257000,0.6381818181818182,0.33178654292343385
258000,0.6509090909090909,0.33178654292343385
259000,0.6545454545454545,0.33178654292343385
260000,0.6545454545454545,0.34106728538283065
261000,0.6290909090909091,0.29930394431554525
262000,0.6254545454545455,0.3109048723897912
263000,0.6672727272727272,0.3433874709976798
264000,0.610909090909091,0.22273781902552203
265000,0.610909090909091,0.2900232018561485
266000,0.6163636363636363,0.2529002320185615
267000,0.6563636363636364,0.33178654292343385
268000,0.6545454545454545,0.31322505800464034
269000,0.66,0.2853828306264501
270000,0.6418181818181818,0.31322505800464034
271000,0.6363636363636364,0.2923433874709977
272000,0.6381818181818182,0.31322505800464034
273000,0.6418181818181818,0.29930394431554525
274000,0.6472727272727272,0.2482598607888631
275000,0.6254545454545455,0.29930394431554525
276000,0.6672727272727272,0.28074245939675174
277000,0.6327272727272727,0.29698375870069604
278000,0.6545454545454545,0.3062645011600928
279000,0.6527272727272727,0.27610208816705334
280000,0.6236363636363637,0.26218097447795824
281000,0.6654545454545454,0.3271461716937355
282000,0.6636363636363637,0.33410672853828305
283000,0.6327272727272727,0.2923433874709977
284000,0.6309090909090909,0.271461716937355
285000,0.6618181818181819,0.31786542923433875
286000,0.6363636363636364,0.31322505800464034
287000,0.6290909090909091,0.2668213457076566
288000,0.6581818181818182,0.2668213457076566
289000,0.6309090909090909,0.25986078886310904
290000,0.6309090909090909,0.27842227378190254
291000,0.6563636363636364,0.2900232018561485
292000,0.6436363636363637,0.33178654292343385
293000,0.649090909090909,0.2296983758700696
294000,0.649090909090909,0.2877030162412993
295000,0.6363636363636364,0.2853828306264501
296000,0.6327272727272727,0.29698375870069604
297000,0.66,0.35498839907192575
298000,0.649090909090909,0.2923433874709977
299000,0.66,0.3248259860788863
300000,0.6418181818181818,0.31554524361948955
301000,0.6563636363636364,0.3619489559164733
302000,0.6381818181818182,0.25754060324825984
303000,0.6290909090909091,0.25754060324825984
304000,0.6545454545454545,0.28306264501160094
305000,0.6272727272727273,0.2529002320185615
306000,0.6272727272727273,0.2691415313225058
307000,0.64,0.271461716937355
308000,0.6472727272727272,0.28074245939675174
309000,0.6290909090909091,0.27610208816705334
310000,0.6145454545454545,0.24129930394431554
311000,0.6472727272727272,0.2900232018561485
312000,0.6290909090909091,0.2552204176334107
313000,0.6436363636363637,0.27610208816705334
314000,0.6454545454545455,0.2737819025522042
315000,0.6454545454545455,0.2668213457076566
316000,0.6327272727272727,0.22273781902552203
317000,0.6436363636363637,0.2877030162412993
318000,0.6254545454545455,0.2877030162412993
319000,0.6436363636363637,0.29466357308584684
320000,0.6327272727272727,0.2900232018561485
321000,0.6163636363636363,0.29698375870069604
322000,0.6309090909090909,0.35266821345707655
323000,0.6327272727272727,0.271461716937355
324000,0.6163636363636363,0.2296983758700696
325000,0.6454545454545455,0.29930394431554525
326000,0.6363636363636364,0.29698375870069604
327000,0.6545454545454545,0.28306264501160094
328000,0.6381818181818182,0.23897911832946636
329000,0.6327272727272727,0.24361948955916474
330000,0.6436363636363637,0.2529002320185615
331000,0.610909090909091,0.31554524361948955
332000,0.6527272727272727,0.3062645011600928
333000,0.64,0.26218097447795824
334000,0.62,0.2459396751740139
335000,0.6090909090909091,0.27610208816705334
336000,0.62,0.2691415313225058
337000,0.6272727272727273,0.2900232018561485
338000,0.6272727272727273,0.28074245939675174
339000,0.6436363636363637,0.3271461716937355
340000,0.6090909090909091,0.271461716937355
341000,0.6345454545454545,0.2923433874709977
342000,0.6345454545454545,0.28074245939675174
343000,0.6381818181818182,0.2853828306264501
344000,0.6309090909090909,0.25986078886310904
345000,0.6381818181818182,0.32018561484918795
346000,0.62,0.2900232018561485
347000,0.6272727272727273,0.25754060324825984
348000,0.6309090909090909,0.2737819025522042
349000,0.62,0.2668213457076566
350000,0.6236363636363637,0.26450116009280744
351000,0.62,0.2529002320185615
352000,0.6363636363636364,0.26218097447795824
353000,0.6181818181818182,0.25986078886310904
354000,0.6272727272727273,0.24129930394431554
355000,0.62,0.26450116009280744
356000,0.6272727272727273,0.26450116009280744
357000,0.6527272727272727,0.29466357308584684
358000,0.6254545454545455,0.2552204176334107
359000,0.62,0.2737819025522042
360000,0.6327272727272727,0.25754060324825984
361000,0.6272727272727273,0.29466357308584684
362000,0.6236363636363637,0.2459396751740139
363000,0.6418181818181818,0.25986078886310904
364000,0.6290909090909091,0.2691415313225058
365000,0.62,0.25986078886310904
366000,0.6290909090909091,0.25754060324825984
367000,0.6418181818181818,0.3039443155452436
368000,0.6290909090909091,0.2668213457076566
369000,0.6345454545454545,0.2691415313225058
370000,0.6290909090909091,0.2877030162412993
371000,0.6290909090909091,0.2853828306264501
372000,0.62,0.271461716937355
373000,0.6272727272727273,0.2737819025522042
374000,0.6381818181818182,0.3062645011600928
375000,0.6218181818181818,0.27842227378190254
376000,0.6363636363636364,0.29466357308584684
377000,0.6527272727272727,0.2923433874709977
378000,0.6236363636363637,0.2923433874709977
379000,0.6290909090909091,0.2691415313225058
380000,0.6345454545454545,0.271461716937355
381000,0.62,0.2529002320185615
382000,0.6345454545454545,0.2900232018561485
383000,0.6327272727272727,0.2853828306264501
384000,0.6454545454545455,0.31786542923433875
385000,0.6309090909090909,0.2505800464037123
386000,0.6381818181818182,0.3062645011600928
387000,0.6290909090909091,0.28074245939675174
388000,0.6345454545454545,0.26218097447795824
389000,0.6309090909090909,0.271461716937355
390000,0.6254545454545455,0.23897911832946636
391000,0.6309090909090909,0.27610208816705334
392000,0.6363636363636364,0.271461716937355
393000,0.6181818181818182,0.2552204176334107
394000,0.6290909090909091,0.24129930394431554
395000,0.6254545454545455,0.26450116009280744
396000,0.6290909090909091,0.26218097447795824
397000,0.6254545454545455,0.25754060324825984
398000,0.6272727272727273,0.25986078886310904
399000,0.6272727272727273,0.25754060324825984
400000,0.6254545454545455,0.2552204176334107
